dataset,iteration,n_dsel,n_test,n_classifiers,k,accuracy,macro_f1,balanced_accuracy,fit_time_sec,prediction_time_sec,total_time_sec,mean_query_time_sec
Laryngeal3,0,88,89,100,20,0.7528089887640449,0.6879820936639119,0.6705516705516706,1.2950093746185303,183.21979069709778,184.52047181129456,2.058649333675256
Laryngeal3,1,88,89,100,20,0.651685393258427,0.5638386222571904,0.5571761571761571,1.2982745170593262,180.3150806427002,181.61732149124146,2.026012142052811
Laryngeal3,2,88,89,100,20,0.7528089887640449,0.649375,0.6411144411144412,1.2614376544952393,177.07246804237366,178.33775353431702,1.98957829261094
Laryngeal3,3,88,89,100,20,0.7303370786516854,0.6237878559156944,0.6583416583416583,1.255563735961914,178.30003571510315,179.55961918830872,2.003371187810148
Laryngeal3,4,88,89,100,20,0.7078651685393258,0.6096618357487923,0.5875235875235876,1.3010735511779785,181.1037302017212,182.40880870819092,2.0348733730530473
Laryngeal3,5,88,89,100,20,0.7303370786516854,0.6783401783401785,0.6975468975468976,1.2785329818725586,181.0623483657837,182.34488081932068,2.0344084086043113
Laryngeal3,6,88,89,100,20,0.6966292134831461,0.6373327108621226,0.6499722499722499,1.2757954597473145,184.28378057479858,185.56376028060913,2.0706042761213324
Laryngeal3,7,88,89,100,20,0.7078651685393258,0.6370569494225409,0.6364968364968364,1.348935604095459,184.9597327709198,186.3127944469452,2.0781992446170765
Laryngeal3,8,88,89,100,20,0.6966292134831461,0.6202874505885384,0.6402042402042402,1.2740535736083984,182.79776692390442,184.07543110847473,2.053907493527016
Laryngeal3,9,88,89,100,20,0.7078651685393258,0.6556948798328109,0.6756576756576756,1.2707343101501465,180.5917956829071,181.86620450019836,2.029121299807945
Laryngeal3,10,88,89,100,20,0.6629213483146067,0.6096923725242309,0.6416028416028416,1.2650363445281982,182.11819338798523,183.38729286193848,2.046271835820059
Laryngeal3,11,88,89,100,20,0.7528089887640449,0.6919480755265068,0.6901320901320901,1.346449851989746,191.22458219528198,192.57508778572083,2.1485908111829435
Laryngeal3,12,88,89,100,20,0.6966292134831461,0.6287878787878788,0.6206238206238206,1.344156265258789,188.49790859222412,189.84603548049927,2.1179540291261136
Laryngeal3,13,88,89,100,20,0.651685393258427,0.5547122074636307,0.5767565767565768,1.267286777496338,181.20463585853577,182.47589778900146,2.0360071444779297
Laryngeal3,14,88,89,100,20,0.6853932584269663,0.605629348513599,0.6243312243312243,1.3743329048156738,191.55381560325623,192.93217206001282,2.152290062957935
Laryngeal3,15,88,89,100,20,0.7528089887640449,0.697025197025197,0.6999444999444999,1.33376145362854,191.49428367614746,192.8318314552307,2.1516211649005332
Laryngeal3,16,88,89,100,20,0.7303370786516854,0.6762510088781276,0.6877788877788878,1.3319306373596191,188.64563131332397,189.98124647140503,2.1196138349811684
Laryngeal3,17,88,89,100,20,0.7415730337078652,0.6597715107230842,0.6644466644466644,1.2899689674377441,182.31962394714355,183.61350011825562,2.048535100529703
Laryngeal3,18,88,89,100,20,0.6853932584269663,0.6099632690541782,0.5949827949827949,1.2997705936431885,177.84375047683716,179.14747285842896,1.9982443873801927
Laryngeal3,19,88,89,100,20,0.6966292134831461,0.6431346431346431,0.6597846597846598,1.2468757629394531,180.00431990623474,181.25513005256653,2.02252044838466
Adult,0,172,173,100,20,0.8554913294797688,0.8542445994675294,0.8556547619047619,0.9939277172088623,282.19404435157776,283.19402551651,1.6311794471189467
Adult,1,172,173,100,20,0.8786127167630058,0.8778125315306226,0.8803436147186148,0.9792859554290771,281.51859736442566,282.5029010772705,1.6272751292741368
Adult,2,172,173,100,20,0.861271676300578,0.8610441767068273,0.867288961038961,0.9898436069488525,282.25708961486816,283.25124073028564,1.6315438706061745
Adult,3,172,173,100,20,0.861271676300578,0.8610441767068273,0.867288961038961,0.9811215400695801,281.2683537006378,282.2537295818329,1.625828634107733
Adult,4,172,173,100,20,0.8786127167630058,0.8775654635527247,0.8790584415584415,0.9718189239501953,278.9594511985779,279.935670375824,1.6124823768703924
Adult,5,172,173,100,20,0.8901734104046243,0.8894494332896109,0.8920454545454546,0.9672801494598389,278.66255617141724,279.63420701026917,1.6107662206440303
Adult,6,172,173,100,20,0.8554913294797688,0.8547926808796374,0.8582251082251082,0.9640829563140869,276.688250541687,277.6569867134094,1.5993540493739133
Adult,7,172,173,100,20,0.861271676300578,0.859919028340081,0.8608630952380952,0.9638090133666992,276.7743995189667,277.7429132461548,1.5998520203408477
Adult,8,172,173,100,20,0.8959537572254336,0.8953629032258064,0.898538961038961,0.9807875156402588,277.0144786834717,277.999698638916,1.6012397611761369
Adult,9,172,173,100,20,0.9075144508670521,0.9058503401360545,0.903814935064935,0.9550635814666748,276.63584184646606,277.59503197669983,1.5990511089391102
Adult,10,172,173,100,20,0.838150289017341,0.8372311827956989,0.8400297619047619,0.9453997611999512,108.1503210067749,109.10200381278992,0.625146364201011
Adult,11,172,173,100,20,0.8959537572254336,0.894397721106891,0.8933982683982684,0.9208869934082031,111.62813639640808,112.55401253700256,0.6452493433318386
Adult,12,172,173,100,20,0.8786127167630058,0.8772842425266003,0.8777732683982684,0.9401853084564209,111.73904275894165,112.68411374092102,0.645890420571917
Adult,13,172,173,100,20,0.861271676300578,0.859577922077922,0.859577922077922,0.9412858486175537,112.21277594566345,113.15896606445312,0.6486287626916962
Adult,14,172,173,100,20,0.8959537572254336,0.894397721106891,0.8933982683982684,0.9710278511047363,111.51579236984253,112.49161005020142,0.6445999558950435
Adult,15,172,173,100,20,0.861271676300578,0.859577922077922,0.859577922077922,0.9520678520202637,111.99673366546631,112.95365166664124,0.6473799633841983
Adult,16,172,173,100,20,0.8901734104046243,0.8894494332896109,0.8920454545454546,0.9442028999328613,111.40699911117554,112.35601615905762,0.6439710931281823
Adult,17,172,173,100,20,0.8439306358381503,0.8408680543726366,0.8388122294372294,0.9683136940002441,112.62698101997375,113.60049295425415,0.6510230116761488
Adult,18,172,173,100,20,0.9017341040462428,0.9004029936672424,0.8998917748917749,0.9385673999786377,110.56823420524597,111.51143622398376,0.6391227410707859
Adult,19,172,173,100,20,0.8959537572254336,0.8949392712550608,0.8959686147186148,0.9306185245513916,110.06762528419495,111.00283193588257,0.6362290478855199
Banknote,0,343,343,100,20,0.9941690962099126,0.9940927252686691,0.9934640522875817,0.9221944808959961,215.55862140655518,216.4909417629242,0.6284507912727556
Banknote,1,343,343,100,20,0.9941690962099126,0.9940927252686691,0.9934640522875817,0.9494082927703857,214.136066198349,215.09025049209595,0.6243033999951866
Banknote,2,343,343,100,20,0.9883381924198251,0.9881691501103753,0.9875137779002481,0.9459011554718018,219.68752717971802,220.6383466720581,0.6404884174335802
Banknote,3,343,343,100,20,0.9854227405247813,0.9852603714558283,0.9862393221273078,0.9548032283782959,217.44349694252014,218.40308499336243,0.6339460552260062
Banknote,4,343,343,100,20,0.9912536443148688,0.9911330558643332,0.9908032515844585,0.959273099899292,209.25841546058655,210.22238278388977,0.6100828439084156
Banknote,5,343,343,100,20,0.9883381924198251,0.9882008943928449,0.9888571231744283,0.9217886924743652,209.85980319976807,210.78632473945618,0.6118361609322684
Banknote,6,343,343,100,20,0.9883381924198251,0.9882008943928449,0.9882008943928449,0.9258220195770264,209.4800214767456,210.41066598892212,0.6107289255881796
Banknote,7,343,343,100,20,0.9825072886297376,0.9822781758060072,0.9816649466804266,0.9394290447235107,209.96148347854614,210.90570306777954,0.6121326048937206
Banknote,8,343,343,100,20,0.9883381924198251,0.9881691501103753,0.9875137779002481,0.9132382869720459,211.66704654693604,212.58509993553162,0.6171050919735744
Banknote,9,343,343,100,20,0.9941690962099126,0.9940845750551877,0.993421052631579,0.9547152519226074,215.67416381835938,216.6337776184082,0.6287876496162081
Banknote,10,343,343,100,20,1.0,1.0,1.0,0.9749398231506348,212.95962810516357,213.9393925666809,0.6208735513270075
Banknote,11,343,343,100,20,0.9941690962099126,0.9940845750551877,0.993421052631579,0.9282677173614502,212.78871035575867,213.72167348861694,0.6203752488506084
Banknote,12,343,343,100,20,0.9795918367346939,0.9793104636834441,0.9783969728242174,0.9302487373352051,221.402850151062,222.33829712867737,0.6454893590409971
Banknote,13,343,343,100,20,0.9970845481049563,0.9970483197796998,0.9967320261437909,0.9592814445495605,211.45522046089172,212.4262194633484,0.6164875232095969
Banknote,14,343,343,100,20,0.9970845481049563,0.9970483197796998,0.9967320261437909,0.932633638381958,211.9305820465088,212.86828112602234,0.6178734170452151
Banknote,15,343,343,100,20,0.9912536443148688,0.9911330558643332,0.9908032515844585,0.9232347011566162,211.88289141654968,212.81099271774292,0.6177343773077251
Banknote,16,343,343,100,20,0.9883381924198251,0.9881854505373381,0.987564499484004,0.9628593921661377,213.30035829544067,214.2683138847351,0.6218669338059495
Banknote,17,343,343,100,20,0.9941690962099126,0.9940927252686691,0.9934640522875817,0.9689376354217529,211.70219087600708,212.67599487304688,0.6172075535743646
Banknote,18,343,343,100,20,0.9970845481049563,0.9970520742911657,0.9973684210526316,0.93174147605896,211.0725235939026,212.00927686691284,0.6153717889035061
Banknote,19,343,343,100,20,0.9941690962099126,0.9941004471964224,0.9941004471964224,0.9367477893829346,212.0107777118683,212.9523220062256,0.6181072236497618
Blood,0,187,187,100,20,0.7700534759358288,0.5996514812048792,0.5905320813771517,0.9080123901367188,116.22510600090027,117.13890480995178,0.6215246310208571
Blood,1,187,187,100,20,0.7647058823529411,0.5746484698097601,0.5708041958041958,0.9200425148010254,116.38422727584839,117.30998110771179,0.6223755469296706
Blood,2,187,187,100,20,0.7967914438502673,0.5887731481481482,0.583916083916084,0.9634759426116943,120.11278557777405,121.08119058609009,0.6423143613784709
Blood,3,187,187,100,20,0.8021390374331551,0.617078975040124,0.6040688575899844,0.9287209510803223,118.76005554199219,119.69353437423706,0.6350805109197443
Blood,4,187,187,100,20,0.7967914438502673,0.622823779193206,0.6075174825174825,0.9289491176605225,116.38212251663208,117.31566071510315,0.6223642915327918
Blood,5,187,187,100,20,0.7647058823529411,0.6293693693693694,0.6173708920187794,0.9239106178283691,117.15469741821289,118.0831048488617,0.6264957081187855
Blood,6,187,187,100,20,0.7647058823529411,0.5852822580645161,0.5794209702660407,0.9297521114349365,117.80332040786743,118.73766255378723,0.6299642802559756
Blood,7,187,187,100,20,0.7807486631016043,0.5874630078019909,0.5823943661971831,0.9491832256317139,118.87826085090637,119.83230423927307,0.6357126248711571
Blood,8,187,187,100,20,0.7647058823529411,0.5379604672057502,0.5472027972027972,0.9387390613555908,119.19798254966736,120.14147853851318,0.6374223665757612
Blood,9,187,187,100,20,0.7593582887700535,0.5472154963680387,0.5531298904538341,0.937502384185791,118.09486055374146,119.03691935539246,0.6315233184692056
Blood,10,187,187,100,20,0.732620320855615,0.5037154989384289,0.5183566433566433,0.932448148727417,119.91578841209412,120.85293507575989,0.6412609005994337
Blood,11,187,187,100,20,0.7700534759358288,0.5996514812048792,0.5905320813771517,0.9606118202209473,120.03293657302856,120.99831414222717,0.6418873613530939
Blood,12,187,187,100,20,0.8074866310160428,0.651985111662531,0.6302447552447552,0.9405572414398193,120.0478127002716,120.993173122406,0.6419669128356771
Blood,13,187,187,100,20,0.8021390374331551,0.6277105192359429,0.611013986013986,0.9567141532897949,116.1949691772461,117.15633487701416,0.6213634715360754
Blood,14,187,187,100,20,0.7647058823529411,0.49209876543209874,0.5236013986013986,0.917579174041748,116.22120499610901,117.14332962036133,0.6215037700326685
Blood,15,187,187,100,20,0.7647058823529411,0.5632696390658174,0.5629370629370629,0.9189720153808594,116.0364465713501,116.96043539047241,0.6205157570660433
Blood,16,187,187,100,20,0.7700534759358288,0.6340508806262231,0.6208920187793427,0.9248254299163818,120.30090928077698,121.2306489944458,0.6433203704854383
Blood,17,187,187,100,20,0.7914438502673797,0.5713278081467114,0.5725524475524476,0.9647607803344727,120.49675273895264,121.46655774116516,0.6443676617056291
Blood,18,187,187,100,20,0.786096256684492,0.5918812745525971,0.5859154929577465,0.9540810585021973,120.36033272743225,121.31946635246277,0.6436381429274451
Blood,19,187,187,100,20,0.786096256684492,0.6133167907361456,0.6005244755244755,0.9577689170837402,120.27550792694092,121.23839020729065,0.643184534368668
Breast,0,142,143,100,20,0.965034965034965,0.9620669531540135,0.9567085953878407,0.9534449577331543,91.2238335609436,92.18909740447998,0.6379289060205846
Breast,1,142,143,100,20,0.965034965034965,0.9623783214943435,0.960587002096436,0.954430341720581,88.79056930541992,89.75012612342834,0.6209130720658735
Breast,2,142,143,100,20,0.958041958041958,0.9553682896379525,0.958909853249476,0.9149947166442871,89.30109524726868,90.22151780128479,0.6244831835473335
Breast,3,142,143,100,20,0.972027972027972,0.9697802197802198,0.9661425576519916,0.9583375453948975,92.75570559501648,93.71951818466187,0.6486412978672481
Breast,4,142,143,100,20,0.9370629370629371,0.9317205156772242,0.9267295597484277,0.9544212818145752,92.9602952003479,93.92009091377258,0.6500719944080273
Breast,5,142,143,100,20,0.986013986013986,0.9848901098901099,0.9811320754716981,0.9993648529052734,91.92066812515259,92.92549753189087,0.642801875001067
Breast,6,142,143,100,20,0.972027972027972,0.9695225916453538,0.9622641509433962,0.9600224494934082,93.02846765518188,93.99379467964172,0.6505487248614118
Breast,7,142,143,100,20,0.972027972027972,0.970020964360587,0.970020964360587,0.9622337818145752,89.57720112800598,90.54463028907776,0.6264139939021397
Breast,8,142,143,100,20,0.965034965034965,0.9620669531540135,0.9567085953878407,0.9288673400878906,89.64670467376709,90.5807273387909,0.626900032683686
Breast,9,142,143,100,20,0.9790209790209791,0.9777639558389053,0.9833333333333334,0.920215368270874,89.49517226219177,90.42053270339966,0.6258403654698725
Breast,10,142,143,100,20,0.9790209790209791,0.9772401718924081,0.9716981132075472,0.9187579154968262,89.71200442314148,90.6359350681305,0.6273566742877027
Breast,11,142,143,100,20,0.9370629370629371,0.9297987236131566,0.9150943396226415,0.9203054904937744,89.87058091163635,90.79608702659607,0.6284656007806738
Breast,12,142,143,100,20,0.9790209790209791,0.9777639558389053,0.9833333333333334,0.9240016937255859,89.8976423740387,90.82682037353516,0.6286548417764943
Breast,13,142,143,100,20,0.972027972027972,0.970020964360587,0.970020964360587,0.9372844696044922,91.86353659629822,92.8063633441925,0.6424023538202672
Breast,14,142,143,100,20,0.958041958041958,0.9538709677419355,0.9433962264150944,0.9573273658752441,92.75047302246094,93.71308445930481,0.6486047064507758
Breast,15,142,143,100,20,0.972027972027972,0.9695225916453538,0.9622641509433962,0.9607877731323242,92.83137893676758,93.79747295379639,0.6491704820752977
Breast,16,142,143,100,20,0.986013986013986,0.9848901098901099,0.9811320754716981,0.9499249458312988,92.2323625087738,93.1875364780426,0.6449815560054112
Breast,17,142,143,100,20,0.9790209790209791,0.9772401718924081,0.9716981132075472,0.9505071640014648,92.33878374099731,93.29449105262756,0.6457257604265546
Breast,18,142,143,100,20,0.958041958041958,0.9542838874680306,0.9472746331236898,0.9445927143096924,92.02625155448914,92.9760172367096,0.6435402206607632
Breast,19,142,143,100,20,0.958041958041958,0.9538709677419355,0.9433962264150944,0.9480693340301514,92.39907193183899,93.35239458084106,0.6461473561667063
Cardiotocography,0,531,532,100,20,0.7443609022556391,0.5514082724193633,0.5493090614471334,2.5357322692871094,771.3346753120422,773.8824574947357,1.449877209233162
Cardiotocography,1,531,532,100,20,0.7612781954887218,0.6408237942714282,0.5972894098554274,2.567626953125,772.0065829753876,774.5797204971313,1.4511401935627586
Cardiotocography,2,531,532,100,20,0.7819548872180451,0.6867228905288724,0.6510355360906236,2.53647780418396,780.148594379425,782.6905543804169,1.4664447262771148
Cardiotocography,3,531,532,100,20,0.7593984962406015,0.6437496114238155,0.6068927652403129,2.60371732711792,775.2814736366272,777.8910098075867,1.4572960030763669
Cardiotocography,4,531,532,100,20,0.7556390977443609,0.6521066261570378,0.6159285506801941,2.567237377166748,743.9253752231598,746.4980082511902,1.398355968464586
Cardiotocography,5,531,532,100,20,0.7669172932330827,0.6314104661292299,0.5947481144629758,2.426755428314209,741.4447765350342,743.8768887519836,1.393693188975628
Cardiotocography,6,531,532,100,20,0.7631578947368421,0.652403501821096,0.6246189867330326,2.4616081714630127,751.3835051059723,753.8504590988159,1.4123750095976924
Cardiotocography,7,531,532,100,20,0.7462406015037594,0.6233874047445017,0.5978719685563301,2.5617053508758545,744.9686641693115,747.5357463359833,1.4003170379122396
Cardiotocography,8,531,532,100,20,0.7725563909774437,0.6665322396124135,0.6309145880876399,2.4777746200561523,775.1186578273773,777.6017270088196,1.4569899583221377
Cardiotocography,9,531,532,100,20,0.7781954887218046,0.6918652541144344,0.6429994258568283,2.5723915100097656,767.8501365184784,770.427984714508,1.4433273242828542
Cardiotocography,10,531,532,100,20,0.7894736842105263,0.687171659930869,0.6443839737442103,2.5059239864349365,781.0525143146515,783.564206123352,1.4681438238997209
Cardiotocography,11,531,532,100,20,0.7669172932330827,0.6826867099363705,0.6460084464012258,2.5543789863586426,778.5139350891113,781.0741083621979,1.463372058438179
Cardiotocography,12,531,532,100,20,0.7575187969924813,0.6540102772202607,0.6202587938816617,2.5633718967437744,783.5924682617188,786.1612682342529,1.4729181734242833
Cardiotocography,13,531,532,100,20,0.7575187969924813,0.6260799024116983,0.5970633598845921,2.5698611736297607,779.5124223232269,782.0877373218536,1.465248914141404
Cardiotocography,14,531,532,100,20,0.7988721804511278,0.6832997342348847,0.6549934787448513,2.5718421936035156,779.6497147083282,782.2270112037659,1.4655069825344516
Cardiotocography,15,531,532,100,20,0.7481203007518797,0.6506690401045242,0.6149678801608812,2.5414257049560547,747.0585658550262,749.6055240631104,1.404245424539523
Cardiotocography,16,531,532,100,20,0.7462406015037594,0.5824166447469106,0.5579332461854243,2.4744248390197754,781.5054905414581,783.9853413105011,1.4689952829726656
Cardiotocography,17,531,532,100,20,0.7575187969924813,0.639546278454572,0.6006302837207307,2.5686583518981934,781.2765076160431,783.8507642745972,1.4685648639399307
Cardiotocography,18,531,532,100,20,0.7800751879699248,0.679541844352979,0.6512386868565386,2.55670428276062,742.147253036499,744.7093677520752,1.3950136335272538
Cardiotocography,19,531,532,100,20,0.7575187969924813,0.6479039942481295,0.6137942799290095,2.4565134048461914,779.6650660037994,782.1270613670349,1.4655358383530064
Faults,0,485,486,100,20,0.7304526748971193,0.703533987817983,0.6846963250286765,2.039163589477539,583.9819204807281,586.0739681720734,1.2016088898780415
Faults,1,485,486,100,20,0.7181069958847737,0.7320077422195791,0.7315334715023074,2.1847846508026123,583.725391626358,585.9156951904297,1.2010810527291318
Faults,2,485,486,100,20,0.7283950617283951,0.7005247363169133,0.6862503523542272,2.090708017349243,577.779138803482,579.8751857280731,1.1888459646162182
Faults,3,485,486,100,20,0.6893004115226338,0.6950341444270427,0.6693758574237536,1.9120852947235107,535.6167376041412,537.5816152095795,1.1020920526834181
Faults,4,485,486,100,20,0.720164609053498,0.6966877682005114,0.6761732610544336,1.930018663406372,549.6773908138275,551.6129455566406,1.131023437888534
Faults,5,485,486,100,20,0.6893004115226338,0.6544137225876054,0.6471335057238193,2.010913133621216,540.5205311775208,542.5375771522522,1.1121821629167095
Faults,6,485,486,100,20,0.7119341563786008,0.681891405680463,0.6631193909538797,1.9622218608856201,554.7307612895966,556.6987199783325,1.1414213195259189
Faults,7,485,486,100,20,0.6831275720164609,0.6937787539291299,0.6785920685630417,2.01214337348938,559.0768554210663,561.0945856571198,1.1503639000433463
Faults,8,485,486,100,20,0.7222222222222222,0.7226769810951933,0.7201336000170652,1.9999282360076904,545.5397412776947,547.5450205802917,1.122509755715421
Faults,9,485,486,100,20,0.6707818930041153,0.6606370358396366,0.6328974543347687,1.9764997959136963,551.7814037799835,553.7632865905762,1.1353526826748632
Faults,10,485,486,100,20,0.7078189300411523,0.6965083753117668,0.6807186578673047,2.023338794708252,553.1053018569946,555.134527683258,1.13807675279217
Faults,11,485,486,100,20,0.6810699588477366,0.6476139034303744,0.624225667602729,1.9838013648986816,550.8121089935303,552.8018763065338,1.1333582489578813
Faults,12,485,486,100,20,0.7345679012345679,0.7463009062606153,0.7210898634845975,1.9362752437591553,538.305862903595,540.2475242614746,1.1076252323119238
Faults,13,485,486,100,20,0.6728395061728395,0.684217441747264,0.6520771377774347,2.01470947265625,555.66579246521,557.685741186142,1.1433452519860288
Faults,14,485,486,100,20,0.6563786008230452,0.6464579558229965,0.6489274591630156,1.999011516571045,544.5865740776062,546.5908782482147,1.1205485063325231
Faults,15,485,486,100,20,0.7016460905349794,0.6749366407118549,0.6620466024512296,2.0401978492736816,542.2071039676666,544.2533683776855,1.1156524772997256
Faults,16,485,486,100,20,0.7037037037037037,0.7096623127546735,0.702253914602563,2.0373566150665283,543.9936339855194,546.0366251468658,1.1193284649907806
Faults,17,485,486,100,20,0.6954732510288066,0.6786633853648112,0.6646579664565039,1.9497032165527344,543.686185836792,545.6411244869232,1.1186958556312592
Faults,18,485,486,100,20,0.7078189300411523,0.7394874258113024,0.7268577121655443,2.0019328594207764,538.1067271232605,540.1138861179352,1.1072154879079434
Faults,19,485,486,100,20,0.6810699588477366,0.6481719065975741,0.6390455374224435,1.926008701324463,532.960517168045,534.8917009830475,1.0966265785350722
German,0,250,250,100,20,0.72,0.6162280701754386,0.6095238095238095,0.9235351085662842,152.36137008666992,153.29370093345642,0.6094454803466797
German,1,250,250,100,20,0.728,0.6183548850574713,0.6114285714285714,0.963496208190918,150.3007950782776,151.2699840068817,0.6012031803131104
German,2,250,250,100,20,0.736,0.649859943977591,0.64,0.9473183155059814,151.383282661438,152.33622121810913,0.605533130645752
German,3,250,250,100,20,0.772,0.6892649207352973,0.6733333333333333,0.9514360427856445,151.7528693675995,152.7098729610443,0.607011477470398
German,4,250,250,100,20,0.784,0.6853146853146853,0.6666666666666666,0.9350340366363525,152.42032480239868,153.36071872711182,0.6096812992095947
German,5,250,250,100,20,0.748,0.6565559650232233,0.6447619047619048,0.9360542297363281,150.16412448883057,151.10569834709167,0.6006564979553223
German,6,250,250,100,20,0.772,0.6781479390175043,0.6619047619047619,0.9366226196289062,152.2364375591278,153.1784324645996,0.6089457502365112
German,7,250,250,100,20,0.748,0.6603480623665653,0.6485714285714286,0.9350016117095947,151.69477438926697,152.6356852054596,0.6067790975570678
German,8,250,250,100,20,0.792,0.7297297297297297,0.7142857142857143,0.9582161903381348,155.75495719909668,156.7189621925354,0.6230198287963867
German,9,250,250,100,20,0.76,0.6816908581614465,0.6685714285714286,1.0225369930267334,153.0350158214569,154.06322312355042,0.6121400632858276
German,10,250,250,100,20,0.736,0.646105010295127,0.6361904761904762,0.9674742221832275,152.68987154960632,153.66301107406616,0.6107594861984252
German,11,250,250,100,20,0.728,0.6429771505376345,0.6342857142857143,0.958296537399292,153.2352113723755,154.199143409729,0.612940845489502
German,12,250,250,100,20,0.756,0.6512771260661773,0.6390476190476191,0.9612104892730713,154.55089926719666,155.51771187782288,0.6182035970687866
German,13,250,250,100,20,0.736,0.6203055964653903,0.6133333333333333,0.9695541858673096,151.60601353645325,152.58143258094788,0.606424054145813
German,14,250,250,100,20,0.74,0.6415889190321798,0.6314285714285715,0.9467959403991699,151.4965362548828,152.4489781856537,0.6059861450195313
German,15,250,250,100,20,0.744,0.6408045977011494,0.6304761904761904,0.955256462097168,151.34833669662476,152.3092200756073,0.605393346786499
German,16,250,250,100,20,0.788,0.6970112734673344,0.6771428571428572,0.9347279071807861,152.8223638534546,153.76277542114258,0.6112894554138184
German,17,250,250,100,20,0.732,0.6262078507509317,0.618095238095238,0.9437460899353027,150.9273931980133,151.87701153755188,0.6037095727920532
German,18,250,250,100,20,0.764,0.6886280635832049,0.6752380952380952,0.9769918918609619,150.18488097190857,151.16747331619263,0.6007395238876343
German,19,250,250,100,20,0.76,0.6672286804507942,0.6533333333333333,0.9476439952850342,149.4025013446808,150.35565757751465,0.5976100053787231
Glass,0,53,54,100,20,0.6851851851851852,0.4509259259259259,0.47514619883040937,1.484525442123413,56.6942777633667,58.18513083457947,1.0498940326549389
Glass,1,53,54,100,20,0.6481481481481481,0.37164610262436354,0.39778265107212474,1.5272040367126465,56.27942943572998,57.81088423728943,1.042211656217222
Glass,2,53,54,100,20,0.6111111111111112,0.3548941798941799,0.36817738791423,1.5237045288085938,56.638901233673096,58.16686677932739,1.0488685413643166
Glass,3,53,54,100,20,0.6851851851851852,0.6277777777777778,0.6112329434697855,1.2422919273376465,45.718650817871094,46.965221643447876,0.8466416818124277
Glass,4,53,54,100,20,0.6851851851851852,0.49510120585701983,0.5093810916179337,1.265528917312622,45.77977800369263,47.049702405929565,0.8477736667350486
Glass,5,53,54,100,20,0.6851851851851852,0.5638384622652749,0.5361842105263158,1.2217707633972168,47.042895793914795,48.26911234855652,0.871164736924348
Glass,6,53,54,100,20,0.7037037037037037,0.6305705188058129,0.6798245614035089,1.2606549263000488,47.0394549369812,48.30449557304382,0.8711010173515037
Glass,7,53,54,100,20,0.6296296296296297,0.5100954613149735,0.5103557504873294,1.5921778678894043,57.902557134628296,59.49924159049988,1.0722695765671906
Glass,8,53,54,100,20,0.6851851851851852,0.5849934238928546,0.613182261208577,1.5869765281677246,58.37473773956299,59.9660964012146,1.0810136618437591
Glass,9,53,54,100,20,0.7222222222222222,0.5318054176016873,0.5394736842105263,1.2606542110443115,46.93061375617981,48.19565963745117,0.8690854399292557
Glass,10,53,54,100,20,0.6666666666666666,0.5886074629977069,0.602948343079922,1.5723657608032227,58.28931713104248,59.86605930328369,1.0794317987230089
Glass,11,53,54,100,20,0.7037037037037037,0.5353322475991056,0.5459307992202729,1.556753158569336,58.171661138534546,59.73288869857788,1.077252984046936
Glass,12,53,54,100,20,0.6851851851851852,0.4357269141846865,0.45053606237816757,1.2658028602600098,47.10309386253357,48.37338399887085,0.8722795159728439
Glass,13,53,54,100,20,0.6481481481481481,0.4763888888888889,0.4728313840155945,1.268998146057129,47.24652862548828,48.5200469493866,0.87493571528682
Glass,14,53,54,100,20,0.5185185185185185,0.378156146179402,0.38681773879142306,1.575150966644287,58.640143394470215,60.21977972984314,1.085928581379078
Glass,15,53,54,100,20,0.6111111111111112,0.42804878048780487,0.4432261208576998,1.5855464935302734,58.33442187309265,59.92443919181824,1.080267071723938
Glass,16,53,54,100,20,0.6296296296296297,0.4639566395663957,0.4519980506822612,1.6078948974609375,58.64121747016907,60.25371527671814,1.0859484716697976
Glass,17,53,54,100,20,0.6296296296296297,0.4550108932461874,0.4746588693957115,1.5666131973266602,58.55069398880005,60.12165570259094,1.0842721109037046
Glass,18,53,54,100,20,0.6296296296296297,0.46826820839978733,0.46308479532163743,1.2836260795593262,47.27935004234314,48.5672972202301,0.8755435193026507
Glass,19,53,54,100,20,0.6481481481481481,0.5448751076658054,0.5473927875243665,1.5689361095428467,57.96196413040161,59.53519868850708,1.0733697061185483
Haberman,0,76,77,100,20,0.6883116883116883,0.5032258064516129,0.5178571428571429,0.8776688575744629,47.929325580596924,48.81340312957764,0.6224587737739861
Haberman,1,76,77,100,20,0.7792207792207793,0.638896551724138,0.625,0.899529218673706,48.042840003967285,48.94677662849426,0.6239329870645102
Haberman,2,76,77,100,20,0.7662337662337663,0.6449795081967213,0.6309523809523809,0.894066333770752,48.219377517700195,49.11781883239746,0.6262256820480545
Haberman,3,76,77,100,20,0.6883116883116883,0.5649717514124294,0.5625,0.9210522174835205,47.70575213432312,48.63134694099426,0.6195552225236769
Haberman,4,76,77,100,20,0.7012987012987013,0.5564738292011019,0.5565476190476191,0.8884296417236328,47.92186379432678,48.81476378440857,0.6223618674587894
Haberman,5,76,77,100,20,0.7532467532467533,0.5964137931034483,0.5922619047619048,0.8963863849639893,48.06030201911926,48.96107816696167,0.6241597664820684
Haberman,6,76,77,100,20,0.7272727272727273,0.5950413223140496,0.5892857142857143,0.8943417072296143,47.81163167953491,48.71048712730408,0.6209302815524015
Haberman,7,76,77,100,20,0.7402597402597403,0.5372596153846154,0.5535714285714286,0.8938219547271729,47.436389684677124,48.33476543426514,0.6160570088919107
Haberman,8,76,77,100,20,0.7012987012987013,0.5355363231051665,0.5416666666666667,0.9121043682098389,48.34430694580078,49.26090717315674,0.6278481421532569
Haberman,9,76,77,100,20,0.7272727272727273,0.5759244689221086,0.5744047619047619,0.9033403396606445,47.36377000808716,48.2717490196228,0.6151138962089241
Haberman,10,76,77,100,20,0.7662337662337663,0.5557692307692308,0.5714285714285714,0.8871901035308838,47.559133529663086,48.45080542564392,0.6176510848008193
Haberman,11,76,77,100,20,0.7792207792207793,0.638896551724138,0.625,0.8883235454559326,47.260594844818115,48.15324139595032,0.6137739590236119
Haberman,12,76,77,100,20,0.7402597402597403,0.5634920634920635,0.5684523809523809,0.8907713890075684,46.418782234191895,47.31349754333496,0.6028413277167779
Haberman,13,76,77,100,20,0.7402597402597403,0.5634920634920635,0.5684523809523809,0.8720858097076416,46.49993538856506,47.376190423965454,0.6038952647865593
Haberman,14,76,77,100,20,0.7662337662337663,0.6071428571428571,0.6011904761904762,0.8705356121063232,48.5217866897583,49.39675188064575,0.6301530738929649
Haberman,15,76,77,100,20,0.7402597402597403,0.5860215053763441,0.5833333333333334,0.9056191444396973,48.54250383377075,49.45297646522522,0.6304221277113085
Haberman,16,76,77,100,20,0.7012987012987013,0.5355363231051665,0.5416666666666667,0.9176273345947266,46.71999263763428,47.642295598983765,0.6067531511381075
Haberman,17,76,77,100,20,0.7272727272727273,0.5950413223140496,0.5892857142857143,0.9233043193817139,46.26279664039612,47.19059133529663,0.6008155407843652
Haberman,18,76,77,100,20,0.7272727272727273,0.5539310344827586,0.5595238095238095,0.8672127723693848,46.70428013801575,47.575870752334595,0.6065490927015033
Haberman,19,76,77,100,20,0.7272727272727273,0.49860465116279074,0.5297619047619048,0.890113115310669,46.5789155960083,47.47333383560181,0.6049209817663416
Heart,0,67,68,100,20,0.7941176470588235,0.7912280701754386,0.7912280701754386,0.8568511009216309,41.65427565574646,42.51744818687439,0.6125628772903892
Heart,1,67,68,100,20,0.7941176470588235,0.7875,0.7842105263157895,0.8820517063140869,41.36130142211914,42.24766516685486,0.6082544326782227
Heart,2,67,68,100,20,0.7794117647058824,0.771043771043771,0.7675438596491229,0.8658106327056885,41.186869382858276,42.05697822570801,0.6056892556302688
Heart,3,67,68,100,20,0.8823529411764706,0.877145438121048,0.8701754385964913,0.8718991279602051,43.071197509765625,43.94773054122925,0.6333999633789062
Heart,4,67,68,100,20,0.8235294117647058,0.8196286472148542,0.8175438596491229,0.9116239547729492,41.2748486995697,42.190940141677856,0.6069830691113192
Heart,5,67,68,100,20,0.8529411764705882,0.8508771929824561,0.8508771929824561,0.8778681755065918,42.601675033569336,43.48409032821655,0.626495221081902
Heart,6,67,68,100,20,0.7205882352941176,0.7190693629049794,0.7219298245614034,0.9071805477142334,41.56314992904663,42.474820375442505,0.6112227930742151
Heart,7,67,68,100,20,0.8676470588235294,0.8652872551177635,0.8640350877192983,0.879206657409668,41.59394407272339,42.47747325897217,0.6116756481282851
Heart,8,67,68,100,20,0.8235294117647058,0.8210526315789474,0.8210526315789474,0.8696928024291992,41.547404050827026,42.4216468334198,0.6109912360415739
Heart,9,67,68,100,20,0.8970588235294118,0.8952234206471494,0.893859649122807,0.8787896633148193,41.369940996170044,42.25300598144531,0.6083814852377948
Heart,10,67,68,100,20,0.8382352941176471,0.8382003028336578,0.8482456140350878,0.8738794326782227,42.497889041900635,43.376189947128296,0.6249689564985388
Heart,11,67,68,100,20,0.7941176470588235,0.7875,0.7842105263157895,0.9009678363800049,42.60554075241089,43.51111650466919,0.6265520698883954
Heart,12,67,68,100,20,0.8529411764705882,0.8482142857142857,0.843859649122807,0.904839038848877,42.64702367782593,43.55638861656189,0.6271621129092049
Heart,13,67,68,100,20,0.8676470588235294,0.8662295081967213,0.8675438596491228,0.8953304290771484,42.582966327667236,43.482699155807495,0.6262200930539299
Heart,14,67,68,100,20,0.8382352941176471,0.8353510895883778,0.8342105263157895,0.8963260650634766,42.65184664726257,43.55257487297058,0.627233038930332
Heart,15,67,68,100,20,0.8529411764705882,0.8482142857142857,0.843859649122807,0.8951594829559326,42.53597712516785,43.43565797805786,0.6255290753701154
Heart,16,67,68,100,20,0.8088235294117647,0.8036864312680435,0.8008771929824561,0.8972864151000977,42.60697674751282,43.508970975875854,0.6265731874634238
Heart,17,67,68,100,20,0.8235294117647058,0.8229166666666667,0.8280701754385965,0.8971707820892334,42.5684871673584,43.47028160095215,0.6260071642258588
Heart,18,67,68,100,20,0.8382352941176471,0.8353510895883778,0.8342105263157895,0.9075760841369629,42.60070610046387,43.51289749145508,0.6264809720656451
Heart,19,67,68,100,20,0.8529411764705882,0.8482142857142857,0.843859649122807,0.9354867935180664,42.73340940475464,43.673325061798096,0.6284324912463918
ILPD,0,146,146,100,20,0.726027397260274,0.5997807017543859,0.5947802197802198,0.945479154586792,90.68211054801941,91.63349342346191,0.621110346219311
ILPD,1,146,146,100,20,0.7328767123287672,0.5749160134378499,0.5782967032967032,0.9212641716003418,90.84152007102966,91.76744961738586,0.6222021922673264
ILPD,2,146,146,100,20,0.6986301369863014,0.5597587719298245,0.5613553113553114,0.9171717166900635,90.456130027771,91.37795305252075,0.6195625344367877
ILPD,3,146,146,100,20,0.7191780821917808,0.5943070145713318,0.5899725274725275,0.9469921588897705,89.53398060798645,90.48574161529541,0.6132464425204551
ILPD,4,146,146,100,20,0.7123287671232876,0.5594827586206896,0.5638736263736264,0.8973655700683594,90.2453944683075,91.1473982334137,0.6181191401938869
ILPD,5,146,146,100,20,0.7054794520547946,0.5544673905329642,0.5590659340659341,0.9180848598480225,88.34671068191528,89.26935029029846,0.6051144567254472
ILPD,6,146,146,100,20,0.726027397260274,0.6084741217484579,0.6018772893772895,0.8852713108062744,88.82935500144958,89.71926164627075,0.608420239735956
ILPD,7,146,146,100,20,0.7054794520547946,0.574517112843104,0.5732600732600732,0.8935365676879883,91.20909357070923,92.10736131668091,0.6247198189774604
ILPD,8,146,146,100,20,0.7465753424657534,0.6338868180277872,0.6233974358974359,0.9161074161529541,90.26625037193298,91.18706464767456,0.6182619888488561
ILPD,9,146,146,100,20,0.7054794520547946,0.5433185422273951,0.5519688644688645,0.907005786895752,89.77398467063904,90.6859712600708,0.6148903059632811
ILPD,10,146,146,100,20,0.7054794520547946,0.5433185422273951,0.5519688644688645,0.9085140228271484,89.84259128570557,90.7557897567749,0.6153602142856546
ILPD,11,146,146,100,20,0.6986301369863014,0.5385057471264367,0.5471611721611722,0.9100534915924072,90.06394267082214,90.97865152359009,0.6168763196631654
ILPD,12,146,146,100,20,0.7397260273972602,0.5802058111380145,0.5831043956043955,0.9290115833282471,90.08416891098022,91.01790952682495,0.6170148555546591
ILPD,13,146,146,100,20,0.726027397260274,0.5455960161842515,0.5592948717948718,0.9075291156768799,90.45478463172913,91.36722016334534,0.6195533193954049
ILPD,14,146,146,100,20,0.7191780821917808,0.5751898374849195,0.5757783882783882,0.9071733951568604,90.80192279815674,91.7138044834137,0.6219309780695667
ILPD,15,146,146,100,20,0.726027397260274,0.5581113801452784,0.5663919413919414,0.9174160957336426,90.77062511444092,91.69302368164062,0.621716610372883
ILPD,16,146,146,100,20,0.7397260273972602,0.568316215375039,0.576007326007326,0.9162912368774414,90.03724503517151,90.95834374427795,0.6166934591450103
ILPD,17,146,146,100,20,0.7123287671232876,0.5360169491525424,0.5496794871794872,0.9271833896636963,90.33657431602478,91.26850771903992,0.6187436596987999
ILPD,18,146,146,100,20,0.7191780821917808,0.5129769750223742,0.5402930402930403,0.9049191474914551,88.49715185165405,89.40664958953857,0.6061448756962606
ILPD,19,146,146,100,20,0.7054794520547946,0.51837360951285,0.5377747252747253,0.8917462825775146,88.32837343215942,89.22477102279663,0.6049888591243796
Ionosphere,0,88,88,100,20,0.875,0.851510967939868,0.8299377475947933,0.867621660232544,55.99062442779541,56.86442232131958,0.6362570957704023
Ionosphere,1,88,88,100,20,0.875,0.851510967939868,0.8299377475947933,0.9175772666931152,53.288957595825195,54.21136713027954,0.6055563363161954
Ionosphere,2,88,88,100,20,0.875,0.8545454545454545,0.8348214285714286,0.8837006092071533,53.66778898239136,54.556315660476685,0.6098612384362654
Ionosphere,3,88,88,100,20,0.8522727272727273,0.831343063541206,0.8197509903791738,0.8746881484985352,53.07322287559509,53.952770471572876,0.6031048054044897
Ionosphere,4,88,88,100,20,0.8295454545454546,0.7929411764705883,0.7727787209960385,0.8737592697143555,55.414103746414185,56.29317021369934,0.6297057243910703
Ionosphere,5,88,88,100,20,0.8863636363636364,0.8664238008500303,0.84375,0.9332332611083984,55.33152365684509,56.269792795181274,0.6287673142823306
Ionosphere,6,88,88,100,20,0.875,0.8572902845348666,0.8415178571428572,0.9084241390228271,55.741599559783936,56.65494656562805,0.6334272677248175
Ionosphere,7,88,88,100,20,0.8522727272727273,0.8280991735537191,0.8123938879456706,0.9201216697692871,55.48679757118225,56.41174268722534,0.6305317905816165
Ionosphere,8,88,88,100,20,0.8977272727272727,0.8832375055285272,0.8660714285714286,0.9073486328125,54.274680852890015,55.186978340148926,0.6167577369646593
Ionosphere,9,88,88,100,20,0.875,0.848156862745098,0.8225806451612903,0.8910691738128662,53.277034759521484,54.173014879226685,0.6054208495400168
Ionosphere,10,88,88,100,20,0.9204545454545454,0.9091847265221877,0.8944538766270514,0.8749313354492188,53.550384521484375,54.43055820465088,0.6085270968350497
Ionosphere,11,88,88,100,20,0.875,0.851510967939868,0.828125,0.9149761199951172,53.43621802330017,54.356048822402954,0.6072297502647747
Ionosphere,12,88,88,100,20,0.8863636363636364,0.8635235732009925,0.8387096774193548,0.8714730739593506,53.63007831573486,54.50643491744995,0.6094327081333507
Ionosphere,13,88,88,100,20,0.8977272727272727,0.8785089737689831,0.8548387096774194,0.8743195533752441,53.66090250015259,54.54019832611084,0.6097829829562794
Ionosphere,14,88,88,100,20,0.9090909090909091,0.8952380952380952,0.875,0.8706767559051514,53.07787108421326,53.95342993736267,0.6031576259569689
Ionosphere,15,88,88,100,20,0.8863636363636364,0.8690476190476191,0.8534238822863611,0.8664398193359375,53.1490957736969,54.02030324935913,0.6039669974283739
Ionosphere,16,88,88,100,20,0.8977272727272727,0.8785089737689831,0.8548387096774194,0.9200167655944824,53.410354137420654,54.335328102111816,0.6069358424706892
Ionosphere,17,88,88,100,20,0.8522727272727273,0.8280991735537191,0.8123938879456706,0.88063645362854,53.332956075668335,54.21825337409973,0.6060563190416857
Ionosphere,18,88,88,100,20,0.9090909090909091,0.8931390406800244,0.8709677419354839,0.8698947429656982,54.04275059700012,54.91728329658508,0.6141221658750013
Ionosphere,19,88,88,100,20,0.8636363636363636,0.8397085610200364,0.8191964285714286,0.8753738403320312,53.38384556770325,54.26417899131775,0.6066346087239005
Iris,0,37,38,100,20,0.9210526315789473,0.9199999999999999,0.9209401709401709,1.137847661972046,32.05587863922119,33.19935584068298,0.8435757536637155
Iris,1,37,38,100,20,0.9736842105263158,0.974320987654321,0.9743589743589745,1.2208571434020996,30.48936128616333,31.714334726333618,0.8023516127937719
Iris,2,37,38,100,20,0.9473684210526315,0.9484126984126983,0.9487179487179488,1.1465842723846436,31.226829767227173,32.377739906311035,0.8217586780849256
Iris,3,37,38,100,20,0.9473684210526315,0.9465811965811967,0.9465811965811967,1.1595752239227295,30.770169496536255,31.933759927749634,0.8097413025404278
Iris,4,37,38,100,20,0.9736842105263158,0.9731615673644658,0.9722222222222222,1.1490349769592285,32.18933296203613,33.342716455459595,0.8470877095272666
Iris,5,37,38,100,20,0.9473684210526315,0.9465811965811967,0.9487179487179488,1.246669054031372,30.876891374588013,32.128042221069336,0.812549773015474
Iris,6,37,38,100,20,0.8947368421052632,0.8931623931623932,0.8931623931623932,1.1862657070159912,30.9711594581604,32.16140365600586,0.8150305120568526
Iris,7,37,38,100,20,0.9473684210526315,0.9465811965811964,0.9465811965811964,1.1937472820281982,31.5581271648407,32.75623941421509,0.8304770306537026
Iris,8,37,38,100,20,0.9473684210526315,0.9484126984126983,0.9487179487179488,1.2545266151428223,31.92773675918579,33.18662357330322,0.8402035989259419
Iris,9,37,38,100,20,0.9473684210526315,0.9487179487179488,0.9487179487179488,1.238767147064209,31.746310472488403,32.98969006538391,0.8354292229602212
Iris,10,37,38,100,20,0.9473684210526315,0.9465811965811967,0.9487179487179488,1.2135095596313477,31.69133424758911,32.90903854370117,0.8339824801997134
Iris,11,37,38,100,20,1.0,1.0,1.0,1.1783273220062256,31.50266742706299,32.685394287109375,0.8290175638700786
Iris,12,37,38,100,20,0.8947368421052632,0.8968253968253969,0.8974358974358975,1.1698753833770752,31.026376724243164,32.200238943099976,0.816483598006399
Iris,13,37,38,100,20,0.9473684210526315,0.945887445887446,0.9444444444444445,1.149925947189331,31.009077787399292,32.16337871551514,0.8160283628262972
Iris,14,37,38,100,20,0.9210526315789473,0.9199999999999999,0.9209401709401709,1.1523399353027344,31.0152370929718,32.17188239097595,0.8161904498150474
Iris,15,37,38,100,20,0.9473684210526315,0.9465811965811964,0.9487179487179488,1.1447124481201172,30.97529673576355,32.12401819229126,0.8151393877832513
Iris,16,37,38,100,20,0.9736842105263158,0.974320987654321,0.9743589743589745,1.155160665512085,31.05155301094055,32.2109797000885,0.8171461318668566
Iris,17,37,38,100,20,0.9210526315789473,0.9178981937602627,0.9166666666666666,1.1463677883148193,31.036397457122803,32.18719172477722,0.8167473015032316
Iris,18,37,38,100,20,0.9210526315789473,0.9199999999999999,0.9209401709401709,1.1451289653778076,31.119858741760254,32.26897358894348,0.8189436510989541
Iris,19,37,38,100,20,0.9210526315789473,0.9194847020933977,0.923076923076923,1.1594452857971191,31.931755304336548,33.0955970287323,0.8403093501141197
Liver,0,86,87,100,20,0.735632183908046,0.7238095238095238,0.7208108108108108,0.8952233791351318,52.84687280654907,53.748008012771606,0.6074353196155066
Liver,1,86,87,100,20,0.6781609195402298,0.6620421753607103,0.6602702702702703,0.9188261032104492,52.73461127281189,53.657901763916016,0.6061449571587574
Liver,2,86,87,100,20,0.7931034482758621,0.7775568181818182,0.7708108108108108,0.8666610717773438,55.219128370285034,56.09075880050659,0.634702624945805
Liver,3,86,87,100,20,0.7011494252873564,0.6919934640522876,0.6908108108108109,0.9169130325317383,53.51073431968689,54.43224287033081,0.6150659117205389
Liver,4,86,87,100,20,0.7471264367816092,0.7393790849673203,0.7378378378378379,0.886730432510376,53.52178168296814,54.41295099258423,0.6151928929076798
Liver,5,86,87,100,20,0.7241379310344828,0.6993087557603687,0.6967567567567567,0.9055509567260742,54.703383922576904,55.6134192943573,0.6287745278457115
Liver,6,86,87,100,20,0.735632183908046,0.7208815734412052,0.7172972972972973,0.9098010063171387,55.01805925369263,55.93229627609253,0.6323914856746279
Liver,7,86,87,100,20,0.6781609195402298,0.6620421753607103,0.6602702702702703,0.9155035018920898,54.5548837184906,55.47486615180969,0.6270676289481678
Liver,8,86,87,100,20,0.7011494252873564,0.6919934640522876,0.6908108108108109,0.9160037040710449,55.297759771347046,56.21836614608765,0.6356064341534143
Liver,9,86,87,100,20,0.632183908045977,0.6237837837837839,0.6237837837837839,0.9132673740386963,54.80319786071777,55.72103524208069,0.6299218144910089
Liver,10,86,87,100,20,0.6436781609195402,0.6087334977513419,0.6127027027027027,0.9024527072906494,54.55264759063721,55.459551095962524,0.6270419263291633
Liver,11,86,87,100,20,0.632183908045977,0.6237837837837839,0.6237837837837839,0.9031796455383301,54.48667669296265,55.39434623718262,0.626283640148996
Liver,12,86,87,100,20,0.6781609195402298,0.6491935483870968,0.6497297297297298,0.8933637142181396,55.38263821601868,56.280524015426636,0.6365820484599848
Liver,13,86,87,100,20,0.6666666666666666,0.6549979488581977,0.6537837837837838,0.9151911735534668,54.62782549858093,55.547584533691406,0.627906040213574
Liver,14,86,87,100,20,0.7011494252873564,0.6826599326599327,0.6802702702702703,0.8994648456573486,52.930700063705444,53.83453416824341,0.6083988513069591
Liver,15,86,87,100,20,0.6781609195402298,0.643859649122807,0.6462162162162162,0.8885395526885986,52.468862533569336,53.36180591583252,0.6030903739490728
Liver,16,86,87,100,20,0.7471264367816092,0.7443910256410257,0.7483783783783784,0.8619630336761475,53.54950976371765,54.41587018966675,0.6155116064795132
Liver,17,86,87,100,20,0.6896551724137931,0.6640926640926641,0.6632432432432432,0.8778526782989502,52.83219361305237,53.714415550231934,0.6072665932534755
Liver,18,86,87,100,20,0.735632183908046,0.7175723359209598,0.7137837837837837,0.8590688705444336,55.1014769077301,55.96505808830261,0.6333503092842541
Liver,19,86,87,100,20,0.6666666666666666,0.6339764978964166,0.6362162162162162,0.9169588088989258,54.04544281959534,54.96692132949829,0.6212119864321303
Magic,0,4755,4755,100,20,0.8033648790746583,0.7722311594567084,0.7606325667691476,1.3045833110809326,2930.9420187473297,2932.25511097908,0.6163915917449695
Magic,1,4755,4755,100,20,0.8128286014721346,0.7808249159853444,0.766972609479054,1.3484714031219482,2918.4311225414276,2919.7874376773834,0.6137604884419406
Magic,2,4755,4755,100,20,0.8090431125131441,0.7778822006142175,0.7652851452711039,1.387052297592163,2849.9631202220917,2851.358777284622,0.5993613291739415
Magic,3,4755,4755,100,20,0.8094637223974763,0.7762078148434899,0.7621879204838387,1.30556321144104,2847.267096757889,2848.5808539390564,0.5987943421152238
Magic,4,4755,4755,100,20,0.8002103049421662,0.7670079430575614,0.7546414237980468,1.352691650390625,2928.570627450943,2929.9315464496613,0.6158928764355296
Magic,5,4755,4755,100,20,0.8046267087276551,0.7725364103584977,0.7601001479016741,1.3524045944213867,2907.3223147392273,2908.682380437851,0.6114242512595641
Magic,6,4755,4755,100,20,0.8071503680336488,0.7765354639415654,0.764646708217777,1.3136224746704102,2906.4842126369476,2907.8057808876038,0.6112479942454149
Magic,7,4755,4755,100,20,0.8071503680336488,0.7751429756478441,0.7623200309770978,1.3622376918792725,2894.575033903122,2895.945753097534,0.6087434351005514
Magic,8,4755,4755,100,20,0.8002103049421662,0.7680319144128784,0.7562837842032322,1.351985216140747,2931.958526134491,2933.3192229270935,0.6166053682722379
Magic,9,4755,4755,100,20,0.8056782334384858,0.7717616124893871,0.7580369156681105,1.3551862239837646,2884.78937792778,2886.1526091098785,0.6066854632865994
Magic,10,4755,4755,100,20,0.8031545741324921,0.7743454686164025,0.7644394247199102,1.373908519744873,2941.9884719848633,2943.3712015151978,0.61871471545423
Magic,11,4755,4755,100,20,0.8138801261829653,0.7837853348945218,0.7710682287649357,1.3519878387451172,2917.476156949997,2918.8369257450104,0.6135596544584642
Magic,12,4755,4755,100,20,0.805888538380652,0.7763526380728618,0.7654528538194483,1.3427019119262695,2932.246842622757,2933.5983560085297,0.6166660026546281
Magic,13,4755,4755,100,20,0.8042060988433228,0.7724640543828234,0.7603232419798649,1.3529033660888672,2895.820784330368,2897.18181180954,0.6090054225721069
Magic,14,4755,4755,100,20,0.804416403785489,0.7728327686708486,0.7607591484091647,1.334916114807129,2919.8073773384094,2921.1501569747925,0.6140499216274258
Magic,15,4755,4755,100,20,0.8031545741324921,0.7720286087530918,0.7604703870740455,1.3311514854431152,2840.278811454773,2841.6177752017975,0.5973246711787115
Magic,16,4755,4755,100,20,0.8027339642481598,0.7694369787481643,0.7565875801392727,1.3170766830444336,2925.1173136234283,2926.442438364029,0.6151666274707526
Magic,17,4755,4755,100,20,0.8021030494216614,0.7710165967427378,0.7596594885985346,1.3418912887573242,2939.905859231949,2941.256026029587,0.6182767316996738
Magic,18,4755,4755,100,20,0.8048370136698212,0.7708607945469871,0.757251333520603,1.3450918197631836,2923.9836621284485,2925.3368740081787,0.6149282149586642
Magic,19,4755,4755,100,20,0.8042060988433228,0.7706849157113005,0.7574491112707904,1.3502130508422852,2840.905839204788,2842.264883995056,0.5974565382134149
Mammographic,0,207,208,100,20,0.8173076923076923,0.8171555473304339,0.8171555473304339,0.8767886161804199,128.4636425971985,129.34845423698425,0.617613666332685
Mammographic,1,207,208,100,20,0.7788461538461539,0.7785185185185186,0.7806051633200703,0.9488952159881592,124.96837449073792,125.92340660095215,0.6008094927439322
Mammographic,2,207,208,100,20,0.75,0.7499075101738809,0.7511797908762838,0.9070639610290527,124.73444366455078,125.64670062065125,0.5996848253103403
Mammographic,3,207,208,100,20,0.8317307692307693,0.831695757715871,0.8320070324789488,0.9094934463500977,124.32911729812622,125.24330949783325,0.597736140856376
Mammographic,4,207,208,100,20,0.8605769230769231,0.8605737003906341,0.861154807069492,0.9226939678192139,132.42342257499695,133.35293626785278,0.6366510700721008
Mammographic,5,207,208,100,20,0.7644230769230769,0.7631915239666349,0.7629776996391228,0.9430220127105713,130.1275713443756,131.07539319992065,0.6256133237710366
Mammographic,6,207,208,100,20,0.8413461538461539,0.8413131429892498,0.8424632182844453,0.9312777519226074,131.38994646072388,132.32612466812134,0.6316824349073263
Mammographic,7,207,208,100,20,0.8028846153846154,0.8028436018957346,0.8039696493013787,0.9708743095397949,133.5785779953003,134.55414843559265,0.6422047019004822
Mammographic,8,207,208,100,20,0.8173076923076923,0.817037037037037,0.8190987323031369,0.9403336048126221,132.56366157531738,133.50865244865417,0.6373252960351797
Mammographic,9,207,208,100,20,0.7692307692307693,0.7692094313453537,0.7701489775145739,0.9400458335876465,133.3546657562256,134.29937267303467,0.6411282007510846
Mammographic,10,207,208,100,20,0.8269230769230769,0.8268590455049944,0.8270565374294438,0.9609766006469727,132.5660617351532,133.53172159194946,0.6373368352651596
Mammographic,11,207,208,100,20,0.8173076923076923,0.8172907998150716,0.8177107430369205,0.9676089286804199,132.8067455291748,133.77906703948975,0.6384939688902634
Mammographic,12,207,208,100,20,0.8365384615384616,0.8365233472029588,0.8369575275284538,0.9435558319091797,130.13766527175903,131.0857071876526,0.6256618522680722
Mammographic,13,207,208,100,20,0.7980769230769231,0.7979087628389008,0.7979087628389008,0.925945520401001,130.90416264533997,131.83448600769043,0.6293469357949036
Mammographic,14,207,208,100,20,0.8269230769230769,0.8268590455049944,0.8270565374294438,0.9315042495727539,131.02901101112366,131.96497988700867,0.6299471683227099
Mammographic,15,207,208,100,20,0.7932692307692307,0.7932262166223558,0.7943462570556121,0.9434051513671875,130.63897562026978,131.58710980415344,0.6280719981743739
Mammographic,16,207,208,100,20,0.7980769230769231,0.7977777777777778,0.7976311649856574,0.9681966304779053,135.44311666488647,136.41545701026917,0.6511688301196465
Mammographic,17,207,208,100,20,0.7596153846153846,0.7594151938558342,0.7610807809752937,0.9528360366821289,133.3795177936554,134.3366298675537,0.6412476817002664
Mammographic,18,207,208,100,20,0.8509615384615384,0.8509580935210226,0.8518090126769686,0.9503026008605957,132.92618346214294,133.88093328475952,0.6390681897218411
Mammographic,19,207,208,100,20,0.8076923076923077,0.8070500927643784,0.8066993615249376,0.9632089138031006,134.59389185905457,135.5617070198059,0.647086018553147
Monk2,0,108,108,100,20,0.8148148148148148,0.8147512864493998,0.8183694530443757,0.9242358207702637,69.84314513206482,70.77341604232788,0.6466957882598594
Monk2,1,108,108,100,20,0.8055555555555556,0.8047352561343091,0.804437564499484,0.9450182914733887,68.7560830116272,69.70559096336365,0.6366303982558074
Monk2,2,108,108,100,20,0.7685185185185185,0.7680213076724804,0.7683178534571723,0.9539992809295654,69.09549570083618,70.0540087223053,0.6397731083410757
Monk2,3,108,108,100,20,0.8611111111111112,0.8610038610038611,0.8622291021671826,0.9314541816711426,68.99048471450806,69.92634463310242,0.6388007843935931
Monk2,4,108,108,100,20,0.8055555555555556,0.8054054054054054,0.8065015479876161,0.9281561374664307,69.13992714881897,70.0725450515747,0.6401845106372127
Monk2,5,108,108,100,20,0.8055555555555556,0.8041958041958042,0.8126934984520124,0.9391679763793945,69.12605738639832,70.06977128982544,0.6400560869110955
Monk2,6,108,108,100,20,0.7962962962962963,0.7951724137931034,0.7946336429308565,0.9393100738525391,68.12451696395874,69.06835699081421,0.6307825644810995
Monk2,7,108,108,100,20,0.8888888888888888,0.8885448916408669,0.8947368421052632,0.9160563945770264,66.29745888710022,67.21789121627808,0.6138653600657428
Monk2,8,108,108,100,20,0.8055555555555556,0.8047352561343091,0.804437564499484,0.900519609451294,66.90084743499756,67.80574536323547,0.6194522910647922
Monk2,9,108,108,100,20,0.8333333333333334,0.8332761578044596,0.8348813209494323,0.9486045837402344,69.7174551486969,70.67085719108582,0.6455319921175638
Monk2,10,108,108,100,20,0.8518518518518519,0.8518010291595197,0.8534571723426212,0.9497148990631104,69.36924362182617,70.32370471954346,0.6423078113132052
Monk2,11,108,108,100,20,0.8611111111111112,0.8610038610038611,0.8622291021671826,0.9488685131072998,68.10960102081299,69.0630829334259,0.6306444538964165
Monk2,12,108,108,100,20,0.8333333333333334,0.8328173374613003,0.8390092879256965,0.9199531078338623,68.2118468284607,69.13622212409973,0.631591174337599
Monk2,13,108,108,100,20,0.8240740740740741,0.8236961938310852,0.824045407636739,0.9260821342468262,68.14843201637268,69.07899498939514,0.6310040001515989
Monk2,14,108,108,100,20,0.8611111111111112,0.8608127846034883,0.8663570691434468,0.9301607608795166,67.61175584793091,68.54640364646912,0.6260347763697306
Monk2,15,108,108,100,20,0.8611111111111112,0.8610992026065335,0.8632610939112487,0.9095635414123535,67.36854553222656,68.28250455856323,0.6237828290020978
Monk2,16,108,108,100,20,0.8240740740740741,0.8236961938310852,0.824045407636739,0.904555082321167,67.24064588546753,68.14957976341248,0.6225985730135882
Monk2,17,108,108,100,20,0.8518518518518519,0.8518010291595197,0.8534571723426212,0.9150893688201904,66.88590812683105,67.80532264709473,0.6193139641373245
Monk2,18,108,108,100,20,0.7777777777777778,0.7777015437392796,0.781217750257998,0.9091184139251709,67.43239784240723,68.34587359428406,0.6243740540963633
Monk2,19,108,108,100,20,0.8611111111111112,0.8610992026065335,0.8642930856553147,0.9038901329040527,67.00725674629211,67.91552829742432,0.6204375624656677
Pima,0,192,192,100,20,0.7760416666666666,0.7357149716700279,0.7241194029850746,0.9009108543395996,122.45031189918518,123.35705232620239,0.6377620411415895
Pima,1,192,192,100,20,0.8020833333333334,0.775562938353636,0.7683582089552239,0.9435992240905762,122.79735159873962,123.74549770355225,0.6395695395767689
Pima,2,192,192,100,20,0.7447916666666666,0.686138448707256,0.6758805970149254,1.0097496509552002,123.49410510063171,124.50859260559082,0.6431984640657902
Pima,3,192,192,100,20,0.8020833333333334,0.7696969696969698,0.7579701492537314,0.9446892738342285,121.91816759109497,122.86739492416382,0.6349904562036196
Pima,4,192,192,100,20,0.7552083333333334,0.7053195310714169,0.6942686567164179,0.9264388084411621,121.37687826156616,122.30826950073242,0.6321712409456571
Pima,5,192,192,100,20,0.78125,0.7477161807032912,0.7385074626865671,0.9384675025939941,120.99233222007751,121.93547129631042,0.6301683969795704
Pima,6,192,192,100,20,0.734375,0.6949817774039809,0.6886567164179105,0.9308180809020996,118.82138872146606,119.75672507286072,0.6188613995909691
Pima,7,192,192,100,20,0.7760416666666666,0.7357149716700279,0.7241194029850746,0.9338710308074951,119.44486594200134,120.38331842422485,0.622108676781257
Pima,8,192,192,100,20,0.71875,0.6905074626865672,0.6905074626865672,0.9144480228424072,120.63639450073242,121.55524253845215,0.6283145546913147
Pima,9,192,192,100,20,0.796875,0.7579440762889931,0.7435820895522388,0.9218137264251709,120.11230230331421,121.03862166404724,0.6255849078297615
Pima,10,192,192,100,20,0.7552083333333334,0.7111303178718908,0.7011940298507462,0.9174351692199707,119.97519564628601,120.89732146263123,0.6248708106577396
Pima,11,192,192,100,20,0.7447916666666666,0.7016648168701443,0.6931940298507462,0.922614336013794,119.47233319282532,120.39957284927368,0.6222517353792986
Pima,12,192,192,100,20,0.765625,0.7234226447709594,0.7126567164179105,0.9110851287841797,121.87373924255371,122.789377450943,0.6347590585549673
Pima,13,192,192,100,20,0.78125,0.75390625,0.7488955223880597,0.9313151836395264,119.09989428520203,120.03568267822266,0.6203119494020939
Pima,14,192,192,100,20,0.7708333333333334,0.7333333333333334,0.7235820895522388,0.9279820919036865,120.41202282905579,121.34444832801819,0.6271459522346655
Pima,15,192,192,100,20,0.7864583333333334,0.7455309519961208,0.7321194029850746,0.9292802810668945,120.3113923072815,121.2453441619873,0.6266218349337578
Pima,16,192,192,100,20,0.7239583333333334,0.6830202784786468,0.6771940298507462,0.9329049587249756,119.98930358886719,120.9267430305481,0.62494428952535
Pima,17,192,192,100,20,0.7708333333333334,0.728255275347401,0.7166567164179105,0.9501981735229492,123.99637413024902,124.9511981010437,0.645814448595047
Pima,18,192,192,100,20,0.7604166666666666,0.7236891502940809,0.7155820895522388,1.001558780670166,118.70027828216553,119.70630168914795,0.6182306160529455
Pima,19,192,192,100,20,0.7552083333333334,0.7082915791175044,0.6977313432835821,0.9121167659759521,119.50389695167542,120.42069625854492,0.6224161299566427
Sonar,0,52,52,100,20,0.7115384615384616,0.6980255516840883,0.6994047619047619,0.8933830261230469,33.80337905883789,34.70387291908264,0.6500649819007287
Sonar,1,52,52,100,20,0.8269230769230769,0.8263450834879407,0.8273809523809523,0.921593427658081,33.93536949157715,34.861552238464355,0.6526032594534067
Sonar,2,52,52,100,20,0.7307692307692307,0.7291666666666667,0.7288888888888889,0.9190642833709717,33.46467614173889,34.387946128845215,0.6435514642642095
Sonar,3,52,52,100,20,0.7884615384615384,0.7883832778394377,0.788888888888889,0.9070994853973389,34.09012413024902,35.001819372177124,0.6555793101970966
Sonar,4,52,52,100,20,0.7692307692307693,0.7678571428571428,0.7678571428571428,0.9187686443328857,33.97269082069397,34.89613962173462,0.6533209773210379
Sonar,5,52,52,100,20,0.8076923076923077,0.8076923076923077,0.8125,0.9685635566711426,34.01448178291321,34.98730516433716,0.6541246496714078
Sonar,6,52,52,100,20,0.8269230769230769,0.8253079507278835,0.8244047619047619,0.9215023517608643,33.7930166721344,34.71927571296692,0.6498657052333539
Sonar,7,52,52,100,20,0.7884615384615384,0.7883832778394377,0.7916666666666667,0.9188721179962158,34.180644273757935,35.10407280921936,0.6573200821876526
Sonar,8,52,52,100,20,0.8269230769230769,0.8268590455049944,0.8303571428571428,0.9387199878692627,33.73340916633606,34.67668914794922,0.6487194070449243
Sonar,9,52,52,100,20,0.7115384615384616,0.7114317425083241,0.7133333333333334,0.9433400630950928,33.635563135147095,34.58369326591492,0.6468377525989826
Sonar,10,52,52,100,20,0.7692307692307693,0.7661169415292354,0.7648809523809523,0.9036164283752441,33.64042854309082,34.548823833465576,0.646931318136362
Sonar,11,52,52,100,20,0.8846153846153846,0.8839285714285714,0.8839285714285714,0.8960616588592529,33.58007574081421,34.480377435684204,0.6457706873233502
Sonar,12,52,52,100,20,0.8076923076923077,0.8076923076923077,0.8125,0.9036898612976074,33.60672044754028,34.514994382858276,0.6462830855296209
Sonar,13,52,52,100,20,0.8076923076923077,0.8065476190476191,0.8059259259259259,0.8985922336578369,33.55048704147339,34.453702211380005,0.6452016738744882
Sonar,14,52,52,100,20,0.75,0.7453860640301319,0.7440476190476191,0.9397671222686768,34.53112459182739,35.47570276260376,0.6640600883043729
Sonar,15,52,52,100,20,0.7884615384615384,0.778552071234998,0.7814814814814814,0.9331352710723877,34.49892044067383,35.43692398071289,0.6634407777052659
Sonar,16,52,52,100,20,0.7307692307692307,0.7242424242424242,0.7232142857142857,0.9405264854431152,34.93999981880188,35.88540029525757,0.6719230734384977
Sonar,17,52,52,100,20,0.7307692307692307,0.7303703703703703,0.7321428571428572,0.9500691890716553,34.218470335006714,35.17286729812622,0.6580475064424368
Sonar,18,52,52,100,20,0.8653846153846154,0.8649350649350649,0.8644444444444443,0.9122860431671143,33.12223958969116,34.03908967971802,0.6369661459555993
Sonar,19,52,52,100,20,0.8461538461538461,0.8452380952380952,0.8452380952380952,0.8954167366027832,33.963677644729614,34.86385464668274,0.653147647014031
Statlog,0,250,250,100,20,0.752,0.6710805534334946,0.6590476190476191,0.9526526927947998,155.96704936027527,156.92619347572327,0.6238681974411011
Statlog,1,250,250,100,20,0.748,0.6565559650232233,0.6447619047619048,0.9437189102172852,158.34621715545654,159.29480814933777,0.6333848686218262
Statlog,2,250,250,100,20,0.72,0.592074592074592,0.5904761904761905,0.943779706954956,155.66560006141663,156.61420893669128,0.6226624002456665
Statlog,3,250,250,100,20,0.796,0.7154716475865301,0.6942857142857143,0.9290153980255127,156.48211693763733,157.41599655151367,0.6259284677505493
Statlog,4,250,250,100,20,0.78,0.6588004665128167,0.6447619047619048,0.9304928779602051,157.656813621521,158.59241223335266,0.630627254486084
Statlog,5,250,250,100,20,0.756,0.6596817745642811,0.6466666666666667,0.9791204929351807,157.39204144477844,158.37633347511292,0.6295681657791138
Statlog,6,250,250,100,20,0.744,0.6408045977011494,0.6304761904761904,0.9622328281402588,156.2149875164032,157.18202924728394,0.6248599500656128
Statlog,7,250,250,100,20,0.796,0.718785151856018,0.6980952380952381,0.9662168025970459,155.9923801422119,156.96351432800293,0.6239695205688477
Statlog,8,250,250,100,20,0.772,0.6699784617522406,0.6542857142857144,0.9282033443450928,157.06169772148132,157.99473333358765,0.6282467908859253
Statlog,9,250,250,100,20,0.768,0.6954805107526882,0.6819047619047619,0.9390778541564941,156.0487768650055,156.99275588989258,0.6241951074600219
Statlog,10,250,250,100,20,0.748,0.6304465144653792,0.621904761904762,0.9338903427124023,160.4998903274536,161.43870663642883,0.6419995613098145
Statlog,11,250,250,100,20,0.736,0.6603260869565217,0.6514285714285715,0.9756875038146973,155.80080580711365,156.78137874603271,0.6232032232284546
Statlog,12,250,250,100,20,0.756,0.6746666666666667,0.6619047619047619,0.9358425140380859,159.38472056388855,160.32546639442444,0.6375388822555542
Statlog,13,250,250,100,20,0.748,0.6352393524630029,0.6257142857142857,0.9308795928955078,159.13982582092285,160.07561945915222,0.6365593032836914
Statlog,14,250,250,100,20,0.752,0.6477592946095809,0.6361904761904762,0.9463620185852051,159.75407242774963,160.70532631874084,0.6390162897109986
Statlog,15,250,250,100,20,0.716,0.6038919015420321,0.599047619047619,0.9505946636199951,156.1015748977661,157.0570342540741,0.6244062995910644
Statlog,16,250,250,100,20,0.78,0.6773739411999343,0.6599999999999999,0.9268317222595215,161.08508777618408,162.01714253425598,0.6443403511047363
Statlog,17,250,250,100,20,0.772,0.6656420845162956,0.6504761904761904,0.9610953330993652,160.10221409797668,161.0681858062744,0.6404088563919067
Statlog,18,250,250,100,20,0.752,0.6386946386946387,0.6285714285714286,0.9612243175506592,158.6549196243286,159.62111115455627,0.6346196784973145
Statlog,19,250,250,100,20,0.756,0.6780730826877204,0.6657142857142857,0.9699528217315674,155.52209782600403,156.49740743637085,0.6220883913040162
Steel,0,485,486,100,20,0.7407407407407407,0.7294084317789322,0.7200506652309269,1.9686241149902344,562.3767640590668,564.3531725406647,1.157153835512483
Steel,1,485,486,100,20,0.6934156378600823,0.712566097823013,0.7003069232346321,1.995607852935791,564.7697944641113,566.770432472229,1.1620777663870603
Steel,2,485,486,100,20,0.6995884773662552,0.7113635789093745,0.7059174330495653,1.980931282043457,573.3511836528778,575.337411403656,1.1797349457878143
Steel,3,485,486,100,20,0.7037037037037037,0.7074514088450099,0.6886970092027057,2.097548007965088,575.7855293750763,577.888307094574,1.1847438876030376
Steel,4,485,486,100,20,0.676954732510288,0.6639257183410672,0.6233880926864747,2.0447614192962646,577.7282121181488,579.7784082889557,1.1887411771978371
Steel,5,485,486,100,20,0.7098765432098766,0.697017883282045,0.6765893417450842,2.067131996154785,581.2211806774139,583.2935948371887,1.1959283553033209
Steel,6,485,486,100,20,0.6954732510288066,0.6941836019687143,0.672967083116958,2.0667033195495605,565.2041187286377,567.2759892940521,1.1629714377132463
Steel,7,485,486,100,20,0.6851851851851852,0.7080881211078406,0.6965017015959709,1.980961799621582,577.7723858356476,579.7587320804596,1.188832069620674
Steel,8,485,486,100,20,0.7345679012345679,0.74060405373327,0.7101376975079121,2.0549631118774414,577.416659116745,579.4772439002991,1.188100121639393
Steel,9,485,486,100,20,0.7551440329218106,0.7462404886764993,0.7394398100125364,2.034447193145752,575.7022516727448,577.7418942451477,1.1845725343060591
Steel,10,485,486,100,20,0.7386831275720165,0.6975915421185042,0.676382431789507,2.0385115146636963,579.2354061603546,581.279290676117,1.1918423995069025
Steel,11,485,486,100,20,0.7222222222222222,0.7342134370155406,0.7120895093416736,2.031228542327881,577.9298219680786,579.9662313461304,1.1891560122799971
Steel,12,485,486,100,20,0.6954732510288066,0.6765846079723834,0.6655462808084939,2.073209047317505,577.5615031719208,579.639883518219,1.1883981546747342
Steel,13,485,486,100,20,0.7037037037037037,0.7141990531041892,0.705109091696514,2.0378000736236572,569.9184832572937,571.9614281654358,1.1726717762495755
Steel,14,485,486,100,20,0.6831275720164609,0.7080571315160583,0.6878045659034825,2.0333657264709473,580.3643202781677,582.4028661251068,1.1941652680620736
Steel,15,485,486,100,20,0.7160493827160493,0.6982384413632481,0.6830977653288298,2.0779850482940674,577.7508728504181,579.8341112136841,1.1887878042189672
Steel,16,485,486,100,20,0.7057613168724279,0.7068512712773585,0.678157964501748,2.058518886566162,581.4448821544647,583.5085780620575,1.1963886464083637
Steel,17,485,486,100,20,0.7057613168724279,0.7105250324157831,0.7204841833399274,2.091224431991577,585.6081094741821,587.7045469284058,1.2049549577658067
Steel,18,485,486,100,20,0.7160493827160493,0.703172551723867,0.6956016978515696,2.079988479614258,574.5793311595917,576.6644265651703,1.1822619982707647
Steel,19,485,486,100,20,0.6872427983539094,0.6767843024210521,0.6512203818196093,2.0041215419769287,577.6118414402008,579.6211423873901,1.1885017313584378
Thyroid,0,173,173,100,20,0.9595375722543352,0.8593985835365145,0.8477088948787062,0.9508798122406006,110.97303318977356,111.93064308166504,0.6414626195940668
Thyroid,1,173,173,100,20,0.9710982658959537,0.8732600732600733,0.8076923076923077,0.942211389541626,108.57384085655212,109.52087306976318,0.6275944558182204
Thyroid,2,173,173,100,20,0.976878612716763,0.9270042194092827,0.9875,0.9224228858947754,112.61256337165833,113.5399386882782,0.6509396726685452
Thyroid,3,173,173,100,20,0.953757225433526,0.8336538461538461,0.8119946091644206,0.9536221027374268,111.06647515296936,112.02522373199463,0.6420027465489558
Thyroid,4,173,173,100,20,0.9595375722543352,0.8369901736438282,0.7825696316262354,0.9568221569061279,110.66486954689026,111.62657451629639,0.6396813268606374
Thyroid,5,173,173,100,20,0.9710982658959537,0.8995704168117962,0.913701923076923,0.9570229053497314,109.82683420181274,110.78876519203186,0.6348371919179927
Thyroid,6,173,173,100,20,0.9595375722543352,0.8369901736438282,0.7825696316262354,0.9295289516448975,108.88128781318665,109.81600880622864,0.6293716058565703
Thyroid,7,173,173,100,20,0.9653179190751445,0.883423180592992,0.9105769230769231,0.9623019695281982,112.17596387863159,113.14322423934937,0.6484159761770613
Thyroid,8,173,173,100,20,0.976878612716763,0.9029180695847363,0.8461538461538461,0.9419729709625244,111.10204243659973,112.04903674125671,0.6422083377838135
Thyroid,9,173,173,100,20,0.9595375722543352,0.8593985835365145,0.8477088948787062,0.961479663848877,107.24338364601135,108.20976495742798,0.6199039517110483
Thyroid,10,173,173,100,20,0.9479768786127167,0.790415937542065,0.7598557692307693,0.9178438186645508,110.75807476043701,111.68080449104309,0.6402200853204452
Thyroid,11,173,173,100,20,0.9364161849710982,0.7790549169859515,0.7889423076923077,0.9419853687286377,111.3610212802887,112.30798363685608,0.6437053253195878
Thyroid,12,173,173,100,20,0.9710982658959537,0.8835644097455917,0.8430288461538462,0.9532961845397949,111.16910195350647,112.12734794616699,0.6425959650491704
Thyroid,13,173,173,100,20,0.9479768786127167,0.8192267502612329,0.8305288461538461,0.9826345443725586,111.31343793869019,112.30117440223694,0.6434302771022554
Thyroid,14,173,173,100,20,0.9884393063583815,0.9584134615384616,0.9584134615384616,0.9535231590270996,111.57971453666687,112.53830766677856,0.6449694481888258
Thyroid,15,173,173,100,20,0.953757225433526,0.820910973084886,0.7983173076923077,0.9850180149078369,110.01305341720581,111.00306725502014,0.6359136035676637
Thyroid,16,173,173,100,20,0.953757225433526,0.820910973084886,0.7983173076923077,0.9416565895080566,111.51769733428955,112.46445775032043,0.6446109672502286
Thyroid,17,173,173,100,20,0.953757225433526,0.8336538461538461,0.8336538461538461,0.9749767780303955,110.50282526016235,111.48285841941833,0.6387446546830193
Thyroid,18,173,173,100,20,0.9364161849710982,0.7211721611721611,0.672282120395328,0.9384069442749023,111.75066494941711,112.69413471221924,0.6459576008636827
Thyroid,19,173,173,100,20,0.9710982658959537,0.8835644097455917,0.8430288461538462,1.0152831077575684,111.81200456619263,112.83225655555725,0.6463121651225008
Transfusion,0,187,187,100,20,0.7540106951871658,0.45028118609406953,0.5040688575899843,0.9297022819519043,119.93966603279114,120.87573599815369,0.6413885884106478
Transfusion,1,187,187,100,20,0.7700534759358288,0.4768039560153556,0.5192307692307693,0.95632004737854,119.86007118225098,120.82093262672424,0.6409629474986683
Transfusion,2,187,187,100,20,0.7486631016042781,0.44810047095761385,0.49737762237762234,0.9617650508880615,119.40469431877136,120.37104654312134,0.6385277771057292
Transfusion,3,187,187,100,20,0.7593582887700535,0.45246925629513957,0.5075899843505477,0.9477841854095459,115.45018911361694,116.40241360664368,0.6173806904471494
Transfusion,4,187,187,100,20,0.7700534759358288,0.4950706436420722,0.5270979020979021,0.9116313457489014,115.54768919944763,116.46379137039185,0.6179020812804686
Transfusion,5,187,187,100,20,0.7379679144385026,0.46141186151766295,0.5010954616588419,0.9099664688110352,116.11764764785767,117.03212285041809,0.6209499874216987
Transfusion,6,187,187,100,20,0.7647058823529411,0.4546659597030753,0.5111111111111111,0.9179902076721191,117.92755270004272,118.8500542640686,0.6306286240643996
Transfusion,7,187,187,100,20,0.7700534759358288,0.4768039560153556,0.5222222222222223,0.932260274887085,116.58685541152954,117.52359127998352,0.6234591198477516
Transfusion,8,187,187,100,20,0.7433155080213903,0.4639273769708553,0.5017482517482518,0.9133872985839844,116.12662935256958,117.0445716381073,0.6209980179281795
Transfusion,9,187,187,100,20,0.7593582887700535,0.4316109422492401,0.5,0.9493341445922852,117.95385527610779,118.90778017044067,0.6307692795513785
Transfusion,10,187,187,100,20,0.7647058823529411,0.43333333333333335,0.5,0.9522294998168945,118.48788332939148,119.44472360610962,0.6336250445422005
Transfusion,11,187,187,100,20,0.7593582887700535,0.4316109422492401,0.5,0.9465346336364746,118.49087023735046,119.44202733039856,0.6336410173120346
Transfusion,12,187,187,100,20,0.7647058823529411,0.47418200408997957,0.5157342657342657,0.9297263622283936,119.03002095222473,119.96431279182434,0.6365241762151055
Transfusion,13,187,187,100,20,0.7540106951871658,0.46901234567901234,0.5087412587412588,0.9574391841888428,118.81306648254395,119.77509808540344,0.6353639918852617
Transfusion,14,187,187,100,20,0.7647058823529411,0.43333333333333335,0.5,0.9386775493621826,118.06215977668762,119.00539493560791,0.6313484480036772
Transfusion,15,187,187,100,20,0.7647058823529411,0.4546659597030753,0.5078671328671329,0.930288553237915,118.2542815208435,119.18921947479248,0.6323758370098583
Transfusion,16,187,187,100,20,0.7593582887700535,0.5053782401692823,0.5303599374021909,0.9564299583435059,116.55588173866272,117.51695966720581,0.6232934852334905
Transfusion,17,187,187,100,20,0.7593582887700535,0.4316109422492401,0.4965034965034965,0.9274890422821045,118.24394392967224,119.17599582672119,0.6323205557736483
Transfusion,18,187,187,100,20,0.7486631016042781,0.4664602683178535,0.5081377151799688,0.9331541061401367,118.91037034988403,119.84866237640381,0.6358843334218397
Transfusion,19,187,187,100,20,0.7593582887700535,0.45246925629513957,0.5043706293706294,0.9806644916534424,117.49135279655457,118.47654628753662,0.62829600425965
Vehicle,0,211,212,100,20,0.7122641509433962,0.7103814999293284,0.7171544089333847,1.3838176727294922,192.23766446113586,193.62851858139038,0.9067814361374333
Vehicle,1,211,212,100,20,0.7877358490566038,0.7872444514253106,0.7905257814961318,1.414480447769165,191.9496648311615,193.36872625350952,0.9054229473167995
Vehicle,2,211,212,100,20,0.7405660377358491,0.7392894461859979,0.7445986627927328,1.3978517055511475,192.40667271614075,193.8091962337494,0.9075786448874563
Vehicle,3,211,212,100,20,0.7264150943396226,0.7269320281820282,0.7300626597122554,1.4090261459350586,195.42688465118408,196.84063291549683,0.921824927599925
Vehicle,4,211,212,100,20,0.75,0.7486097788397655,0.753518045297021,1.4479267597198486,196.69289827346802,198.14557147026062,0.9277966899691887
Vehicle,5,211,212,100,20,0.7688679245283019,0.7666713343291014,0.7736286624426785,1.4356887340545654,196.83873987197876,198.27912545204163,0.9284846220376357
Vehicle,6,211,212,100,20,0.7783018867924528,0.7741212013928853,0.782590051457976,1.4377639293670654,196.82578659057617,198.26838946342468,0.9284235216536612
Vehicle,7,211,212,100,20,0.7594339622641509,0.7472340495677043,0.7650523331116323,1.4744229316711426,197.5658495426178,199.04511642456055,0.9319143846349897
Vehicle,8,211,212,100,20,0.7264150943396226,0.7209993418696707,0.7290790072461232,1.4493520259857178,197.90735697746277,199.36141419410706,0.9335252687616168
Vehicle,9,211,212,100,20,0.75,0.7404565285361421,0.754459691252144,1.4438889026641846,197.3768126964569,198.82544922828674,0.9310227013983816
Vehicle,10,211,212,100,20,0.7452830188679245,0.7453215419493063,0.7496586970980501,1.4376091957092285,199.74181628227234,201.18444800376892,0.9421783786899639
Vehicle,11,211,212,100,20,0.7594339622641509,0.760367493887698,0.7629100010501628,1.536468744277954,195.20409655570984,196.74529457092285,0.9207740403571218
Vehicle,12,211,212,100,20,0.7735849056603774,0.7747690245214998,0.7781741169881331,1.45522141456604,194.83261013031006,196.29250478744507,0.9190217458976889
Vehicle,13,211,212,100,20,0.7688679245283019,0.7679265548281505,0.7707582175237162,1.4112708568572998,192.77958750724792,194.19551634788513,0.9093376769209808
Vehicle,14,211,212,100,20,0.7405660377358491,0.7353802900148798,0.7434854902509889,1.4043848514556885,193.54428696632385,194.9532914161682,0.9129447498411503
Vehicle,15,211,212,100,20,0.7641509433962265,0.7607279327352183,0.7676269821822383,1.4107604026794434,192.54744863510132,193.96288442611694,0.908242682241044
Vehicle,16,211,212,100,20,0.7075471698113207,0.7031691278535598,0.7109812020863233,1.399472951889038,195.24679589271545,196.65105628967285,0.9209754523241295
Vehicle,17,211,212,100,20,0.7594339622641509,0.7563511018764312,0.7629100010501627,1.4209668636322021,195.89758467674255,197.32403683662415,0.9240452107393516
Vehicle,18,211,212,100,20,0.7688679245283019,0.7656826891666866,0.7730720761718066,1.4255967140197754,196.0734875202179,197.5038595199585,0.9248749411331033
Vehicle,19,211,212,100,20,0.7641509433962265,0.7592339509278717,0.7671544089333847,1.4578218460083008,196.40814423561096,197.87075567245483,0.9264535105453348
Vertebral,0,77,78,100,20,0.8589743589743589,0.8325200078079251,0.8222641509433962,0.9064364433288574,48.84059500694275,49.753628969192505,0.626161474447984
Vertebral,1,77,78,100,20,0.8461538461538461,0.8300653594771241,0.8445283018867924,0.9062576293945312,50.4578971862793,51.368528842926025,0.6468961177728115
Vertebral,2,77,78,100,20,0.8589743589743589,0.8282282282282283,0.8116981132075471,0.9419155120849609,50.03313422203064,50.979459285736084,0.6414504387439826
Vertebral,3,77,78,100,20,0.7692307692307693,0.7150974025974026,0.7033962264150944,0.9305524826049805,50.01394271850586,50.94950985908508,0.6412043938269982
Vertebral,4,77,78,100,20,0.8717948717948718,0.8528301886792453,0.8528301886792453,0.9343917369842529,50.36397933959961,51.302847146987915,0.6456920428153796
Vertebral,5,77,78,100,20,0.9230769230769231,0.9134615384615384,0.9222641509433962,0.9568753242492676,48.95773696899414,49.918941259384155,0.6276632944742838
Vertebral,6,77,78,100,20,0.8846153846153846,0.8661071905397673,0.8622641509433963,0.9224629402160645,48.72968530654907,49.65644812583923,0.6247395552121676
Vertebral,7,77,78,100,20,0.9102564102564102,0.8934218231504978,0.8811320754716981,0.9032003879547119,48.80837535858154,49.715872287750244,0.6257484020330967
Vertebral,8,77,78,100,20,0.8076923076923077,0.7815126050420168,0.7845283018867925,0.9322361946105957,50.524773597717285,51.46141815185547,0.6477535076630421
Vertebral,9,77,78,100,20,0.8846153846153846,0.8594594594594596,0.8411320754716981,0.9384310245513916,50.821375370025635,51.76432657241821,0.6515560944875082
Vertebral,10,77,78,100,20,0.7564102564102564,0.663411310470134,0.6516981132075472,0.9420242309570312,50.604249715805054,51.550721168518066,0.6487724322539109
Vertebral,11,77,78,100,20,0.8333333333333334,0.8020691001366387,0.7928301886792453,0.9440486431121826,50.61318755149841,51.5616512298584,0.6488870198910053
Vertebral,12,77,78,100,20,0.9487179487179487,0.9411320754716981,0.9411320754716981,0.9420986175537109,50.80066442489624,51.7471809387207,0.6512905695499518
Vertebral,13,77,78,100,20,0.8461538461538461,0.8194444444444444,0.8128301886792453,0.9861621856689453,49.909008264541626,50.89964842796326,0.6398590803146362
Vertebral,14,77,78,100,20,0.7692307692307693,0.7350943396226415,0.7350943396226415,0.932997465133667,49.724727392196655,50.66218161582947,0.6374965050281622
Vertebral,15,77,78,100,20,0.8461538461538461,0.8269230769230769,0.8339622641509434,0.945061445236206,48.761109590530396,49.71047592163086,0.6251424306478256
Vertebral,16,77,78,100,20,0.8333333333333334,0.8106442577030812,0.8139622641509434,0.9043047428131104,50.64465069770813,51.55336594581604,0.6492903935603607
Vertebral,17,77,78,100,20,0.8205128205128205,0.8017429193899782,0.8150943396226416,0.9556550979614258,49.889055013656616,50.84925842285156,0.6396032694058541
Vertebral,18,77,78,100,20,0.8974358974358975,0.8822641509433962,0.8822641509433962,0.9839324951171875,50.11613941192627,51.10439610481262,0.6425146078452085
Vertebral,19,77,78,100,20,0.7692307692307693,0.7450980392156863,0.7562264150943396,0.9336502552032471,49.31506109237671,50.253007650375366,0.6322443729791886
Voice3,0,59,60,100,20,0.7833333333333333,0.516706762897621,0.55006105006105,1.1964631080627441,49.979541063308716,51.183138847351074,0.8329923510551452
Voice3,1,59,60,100,20,0.7833333333333333,0.6190476190476191,0.6087912087912088,1.2296185493469238,49.692352533340454,50.92608284950256,0.8282058755556743
Voice3,2,59,60,100,20,0.8333333333333334,0.5503663003663003,0.5561660561660561,1.2126386165618896,50.23588180541992,51.452666997909546,0.8372646967569987
Voice3,3,59,60,100,20,0.75,0.49937578027465673,0.4987789987789988,1.2572007179260254,49.98879361152649,51.25018835067749,0.8331465601921082
Voice3,4,59,60,100,20,0.8,0.5288888888888889,0.5402930402930403,1.2177908420562744,51.36603784561157,52.588234663009644,0.8561006307601928
Voice3,5,59,60,100,20,0.7833333333333333,0.522273425499232,0.5677655677655677,1.2514255046844482,51.47657012939453,52.73232817649841,0.8579428354899089
Voice3,6,59,60,100,20,0.7666666666666667,0.5025252525252525,0.5244200244200244,1.2488088607788086,51.50533390045166,52.758516788482666,0.8584222316741943
Voice3,7,59,60,100,20,0.7833333333333333,0.5154134255257851,0.5323565323565324,1.247345209121704,51.61334037780762,52.86495876312256,0.860222339630127
Voice3,8,59,60,100,20,0.7166666666666667,0.4491501008354941,0.46520146520146516,1.2546517848968506,51.49211311340332,52.75088691711426,0.8582018852233887
Voice3,9,59,60,100,20,0.8,0.5130023640661938,0.5048840048840049,1.2527782917022705,51.42821192741394,52.68536353111267,0.857136865456899
Voice3,10,59,60,100,20,0.7333333333333333,0.46074074074074073,0.47313797313797307,1.2476146221160889,50.96209716796875,52.21398091316223,0.8493682861328125
Voice3,11,59,60,100,20,0.7833333333333333,0.516706762897621,0.55006105006105,1.2339844703674316,50.98819851875305,52.226436614990234,0.8498033086458842
Voice3,12,59,60,100,20,0.8,0.5217391304347826,0.5225885225885226,1.2501447200775146,50.28760480880737,51.54191327095032,0.8381267468134562
Voice3,13,59,60,100,20,0.8333333333333334,0.5579710144927535,0.5561660561660561,1.238283634185791,50.018675804138184,51.26113533973694,0.8336445967356364
Voice3,14,59,60,100,20,0.7333333333333333,0.4702581369248036,0.4908424908424909,1.276895523071289,50.200682163238525,51.48250102996826,0.8366780360539754
Voice3,15,59,60,100,20,0.8,0.5217391304347826,0.5225885225885226,1.238231897354126,50.44068670272827,51.68326139450073,0.8406781117121379
Voice3,16,59,60,100,20,0.8166666666666667,0.543040293040293,0.5482295482295482,1.227231740951538,51.100998640060425,52.33252477645874,0.8516833106676738
Voice3,17,59,60,100,20,0.7833333333333333,0.4988595633756924,0.49694749694749696,1.231842279434204,51.2837016582489,52.51987433433533,0.8547283609708151
Voice3,18,59,60,100,20,0.7833333333333333,0.51010101010101,0.5323565323565324,1.2628452777862549,51.48832893371582,52.755462884902954,0.8581388155619304
Voice3,19,59,60,100,20,0.75,0.5158730158730159,0.5341880341880342,1.2859249114990234,49.786274433135986,51.07690119743347,0.8297712405522665
WDVG1,0,1250,1250,100,20,0.8592,0.8587428125628214,0.8587871017651839,1.5511527061462402,1035.7777783870697,1037.3382840156555,0.8286222227096558
WDVG1,1,1250,1250,100,20,0.8736,0.8735215824802957,0.8733365818781715,1.6352086067199707,1033.86678814888,1035.5078165531158,0.827093430519104
WDVG1,2,1250,1250,100,20,0.8712,0.8709198636768866,0.8710411959862409,1.6113383769989014,1032.9491074085236,1034.5662894248962,0.8263592859268188
WDVG1,3,1250,1250,100,20,0.86,0.8595806570813079,0.8598142971216555,1.5994367599487305,1029.8231542110443,1031.4285771846771,0.8238585233688355
WDVG1,4,1250,1250,100,20,0.864,0.8631664665978804,0.8635239520843271,1.6070733070373535,1021.0206136703491,1022.633623123169,0.8168164909362793
WDVG1,5,1250,1250,100,20,0.8688,0.8680278289302331,0.8685732302784718,1.5587143898010254,1034.8351783752441,1036.39976978302,0.8278681427001953
WDVG1,6,1250,1250,100,20,0.8632,0.8626527816635651,0.8629131552763848,1.6258594989776611,1032.0686082839966,1033.7005200386047,0.8256548866271972
WDVG1,7,1250,1250,100,20,0.8648,0.8643931537686754,0.8646647575440873,1.5859885215759277,1030.04519033432,1031.6369893550873,0.8240361522674561
WDVG1,8,1250,1250,100,20,0.8784,0.8783338792826026,0.8784528418037943,1.6328396797180176,1035.0947618484497,1036.733597278595,0.8280758094787598
WDVG1,9,1250,1250,100,20,0.8624,0.8620664089392575,0.8622145193729978,1.5946757793426514,1027.5555939674377,1029.1562540531158,0.8220444751739502
WDVG1,10,1250,1250,100,20,0.864,0.8638850375554424,0.8639271922830386,1.5917837619781494,1052.602328300476,1054.200100183487,0.8420818626403809
WDVG1,11,1250,1250,100,20,0.868,0.8678508803765371,0.8677886913766253,1.6205418109893799,1040.038164615631,1041.6647017002106,0.8320305316925048
WDVG1,12,1250,1250,100,20,0.8664,0.8658857457463555,0.8662147397124341,1.6055808067321777,1043.8654572963715,1045.4769439697266,0.8350923658370971
WDVG1,13,1250,1250,100,20,0.8776,0.8766606468653856,0.8772091764201368,1.6243140697479248,1056.7732515335083,1058.4037816524506,0.8454186012268067
WDVG1,14,1250,1250,100,20,0.8624,0.8622415339089041,0.8623104132086349,1.6150202751159668,1047.2414467334747,1048.862436056137,0.8377931573867797
WDVG1,15,1250,1250,100,20,0.8632,0.8626970397467156,0.8628522783956173,1.6431729793548584,1019.0312325954437,1020.680700302124,0.815224986076355
WDVG1,16,1250,1250,100,20,0.8656,0.8650858716072999,0.865376222790441,1.5773041248321533,1013.0199437141418,1014.6031789779663,0.8104159549713135
WDVG1,17,1250,1250,100,20,0.8584,0.8579930241735524,0.8581425611917739,1.5816783905029297,1061.661392211914,1063.2490513324738,0.8493291137695312
WDVG1,18,1250,1250,100,20,0.8712,0.870495575080542,0.8708793674445291,1.6376590728759766,1066.1169805526733,1067.7606873512268,0.8528935844421387
WDVG1,19,1250,1250,100,20,0.8664,0.8663260045053995,0.866275329477484,1.6384468078613281,1060.6435761451721,1062.288094997406,0.8485148609161377
Weaning,0,75,76,100,20,0.8289473684210527,0.8289177489177489,0.8289473684210527,0.9446320533752441,49.63554334640503,50.58850383758545,0.6530992545579609
Weaning,1,75,76,100,20,0.8157894736842105,0.8152777777777778,0.8157894736842106,0.9903922080993652,48.10037016868591,49.09604239463806,0.6328996074827093
Weaning,2,75,76,100,20,0.8026315789473685,0.8025974025974026,0.8026315789473684,0.9140200614929199,48.431599140167236,49.35040068626404,0.6372578834232531
Weaning,3,75,76,100,20,0.7763157894736842,0.7753434185359067,0.7763157894736842,0.9468066692352295,48.3717999458313,49.32330679893494,0.6364710519188329
Weaning,4,75,76,100,20,0.7631578947368421,0.7616724738675958,0.763157894736842,0.9198613166809082,48.78894591331482,49.71354269981384,0.6419598146488792
Weaning,5,75,76,100,20,0.8552631578947368,0.8552380952380952,0.8552631578947368,0.9278733730316162,48.564192056655884,49.49686288833618,0.6390025270612616
Weaning,6,75,76,100,20,0.8421052631578947,0.841995841995842,0.8421052631578947,0.9170219898223877,48.84840750694275,49.77024602890015,0.6427422040387204
Weaning,7,75,76,100,20,0.7368421052631579,0.7361111111111112,0.736842105263158,0.9316613674163818,48.496158599853516,49.432589054107666,0.6381073499980726
Weaning,8,75,76,100,20,0.7763157894736842,0.7759667071267556,0.7763157894736842,0.9210062026977539,49.14584684371948,50.07169961929321,0.6466558795226248
Weaning,9,75,76,100,20,0.8289473684210527,0.8282037906451052,0.8289473684210527,0.9204847812652588,48.5788357257843,49.50412392616272,0.6391952069182145
Weaning,10,75,76,100,20,0.7631578947368421,0.7629937629937631,0.763157894736842,0.9489336013793945,50.24947810173035,51.20328497886658,0.6611773434438204
Weaning,11,75,76,100,20,0.8421052631578947,0.8411149825783972,0.8421052631578947,0.9655759334564209,50.13500261306763,51.105534076690674,0.6596710870140478
Weaning,12,75,76,100,20,0.8026315789473685,0.8025974025974026,0.8026315789473684,0.9367334842681885,49.614930391311646,50.55655288696289,0.6528280314646269
Weaning,13,75,76,100,20,0.7763157894736842,0.7759667071267556,0.7763157894736842,0.9383316040039062,48.687480449676514,49.63063335418701,0.6406247427589015
Weaning,14,75,76,100,20,0.8157894736842105,0.8146341463414635,0.8157894736842105,0.9227302074432373,48.37214016914368,49.29974722862244,0.6364755285413641
Weaning,15,75,76,100,20,0.868421052631579,0.868421052631579,0.868421052631579,0.9164259433746338,48.638949394226074,49.560253620147705,0.6399861762398168
Weaning,16,75,76,100,20,0.9210526315789473,0.9210526315789473,0.9210526315789473,0.9363522529602051,50.02017521858215,50.96168923377991,0.6581602002445021
Weaning,17,75,76,100,20,0.8157894736842105,0.8152777777777778,0.8157894736842106,1.0051262378692627,50.16400194168091,51.17417812347412,0.6600526571273804
Weaning,18,75,76,100,20,0.881578947368421,0.8810641627543035,0.881578947368421,0.9559540748596191,50.38901209831238,51.3499538898468,0.6630133170830576
Weaning,19,75,76,100,20,0.8552631578947368,0.8552380952380952,0.8552631578947368,0.9628441333770752,49.56486940383911,50.53274178504944,0.652169334261041
Wine,0,44,45,100,20,1.0,1.0,1.0,1.2365155220031738,38.31100654602051,39.55480694770813,0.851355701022678
Wine,1,44,45,100,20,1.0,1.0,1.0,1.2176120281219482,37.84087872505188,39.06261444091797,0.840908416112264
Wine,2,44,45,100,20,0.9777777777777777,0.9771428571428572,0.9814814814814815,1.218297004699707,39.37374687194824,40.596367597579956,0.874972152709961
Wine,3,44,45,100,20,0.9555555555555556,0.9547511312217195,0.9629629629629629,1.2605772018432617,39.38367176055908,40.64857077598572,0.8751927057902018
Wine,4,44,45,100,20,0.9777777777777777,0.9771428571428572,0.9814814814814815,1.266087293624878,38.812251806259155,40.08253002166748,0.8624944845835368
Wine,5,44,45,100,20,0.9777777777777777,0.9771428571428572,0.9814814814814815,1.2503173351287842,38.22157573699951,39.47610378265381,0.8493683497111003
Wine,6,44,45,100,20,0.9777777777777777,0.9771428571428572,0.9814814814814815,1.255925178527832,38.972593545913696,40.23278760910034,0.8660576343536377
Wine,7,44,45,100,20,0.9777777777777777,0.9794967381174278,0.9777777777777779,1.2464361190795898,37.8279070854187,39.078885316848755,0.840620157453749
Wine,8,44,45,100,20,1.0,1.0,1.0,1.2174131870269775,38.209564447402954,39.43108797073364,0.8491014321645101
Wine,9,44,45,100,20,1.0,1.0,1.0,1.2101900577545166,37.83105254173279,39.04536318778992,0.8406900564829508
Wine,10,44,45,100,20,1.0,1.0,1.0,1.2250964641571045,37.86101222038269,39.09046173095703,0.8413558271196153
Wine,11,44,45,100,20,1.0,1.0,1.0,1.2036194801330566,38.234761238098145,39.44262456893921,0.8496613608466255
Wine,12,44,45,100,20,0.9777777777777777,0.9797235023041475,0.9814814814814815,1.2369205951690674,38.16197109222412,39.40272855758667,0.8480438020494249
Wine,13,44,45,100,20,1.0,1.0,1.0,1.3097307682037354,38.44729924201965,39.761088609695435,0.8543844276004368
Wine,14,44,45,100,20,0.9777777777777777,0.9794967381174278,0.9777777777777779,1.2256479263305664,38.31773233413696,39.54753541946411,0.8515051629808214
Wine,15,44,45,100,20,0.9555555555555556,0.9566538952745849,0.9592592592592593,1.2203798294067383,38.07718539237976,39.30170178413391,0.846159675386217
Wine,16,44,45,100,20,0.9777777777777777,0.9771428571428572,0.9814814814814815,1.2453827857971191,38.24432682991028,39.49382448196411,0.8498739295535618
Wine,17,44,45,100,20,1.0,1.0,1.0,1.2270822525024414,37.97591280937195,39.20718717575073,0.8439091735415989
Wine,18,44,45,100,20,1.0,1.0,1.0,1.2189693450927734,38.09296655654907,39.316078424453735,0.8465103679233127
Wine,19,44,45,100,20,0.9777777777777777,0.9764982373678026,0.9722222222222222,1.2273368835449219,38.788390159606934,40.01967811584473,0.861964225769043
