Metric,Comparison,Mean_Difference,Median_Difference,p_raw,Rank_Biserial,p_holm,Significant_0.05
Accuracy,K=1 vs K=3,-0.007971607667301784,-0.008210784313725517,3.5390257835388184e-08,-0.9698924731182795,1.7695128917694092e-07,True
Accuracy,K=1 vs K=5,-0.00980419287880827,-0.010157803468208104,2.60174464085567e-06,-0.9827956989247312,1.040697856342268e-05,True
Accuracy,K=1 vs K=7,-0.010614942738357124,-0.010522769187118697,2.60770320892334e-08,-0.9741935483870968,1.564621925354004e-07,True
Accuracy,K=3 vs K=5,-0.0018325852115064877,-0.0010481818181817815,0.004272989014000572,-0.6410256410256411,0.008545978028001144,True
Accuracy,K=3 vs K=7,-0.0026433350710553414,-0.002529999999999921,0.0014326089528015902,-0.6896551724137931,0.00429782685840477,True
Accuracy,K=5 vs K=7,-0.0008107498595488538,-0.0002647009782125731,0.07541796969325651,-0.3915343915343915,0.07541796969325651,False
MacroF1,K=1 vs K=3,-0.004572076805493652,-0.005192489762974095,0.00993151031434536,-0.5311827956989247,0.05958906188607216,False
MacroF1,K=1 vs K=5,-0.004733978464792262,-0.008239188980831869,0.022098854184150696,-0.4752688172043011,0.11049427092075348,False
MacroF1,K=1 vs K=7,-0.0042349948704424245,-0.008052797283540192,0.047259049490094185,-0.4150537634408602,0.18903619796037674,False
MacroF1,K=3 vs K=5,-0.00016190165929860962,-0.00046684915609523925,0.40449450351297855,-0.17849462365591398,1.0,False
MacroF1,K=3 vs K=7,0.0003370819350512274,-0.0004932084090339961,0.7000329215079546,-0.08387096774193549,1.0,False
MacroF1,K=5 vs K=7,0.000498983594349837,0.0002098626458136854,0.4771064817905426,0.15268817204301074,1.0,False
BalancedAccuracy,K=1 vs K=3,-0.004335591969855812,-0.005028363086471421,0.016431212425231934,-0.4967741935483871,0.0985872745513916,False
BalancedAccuracy,K=1 vs K=5,-0.004783756197953515,-0.006173501798482861,0.026228994131088257,-0.46236559139784944,0.13114497065544128,False
BalancedAccuracy,K=1 vs K=7,-0.004193802283765083,-0.005759487286432663,0.049710121005773544,-0.410752688172043,0.19884048402309418,False
BalancedAccuracy,K=3 vs K=5,-0.00044816422809770275,-0.00031393588137007544,0.46883416943806333,-0.15402298850574714,1.0,False
BalancedAccuracy,K=3 vs K=7,0.00014178968609072825,-9.818664307825742e-05,0.8078304156661034,-0.053763440860215055,1.0,False
BalancedAccuracy,K=5 vs K=7,0.000589953914188431,0.0003584130431433241,0.370740607380867,0.1913978494623656,1.0,False
