Dataset,K1,K3,K5,K7,K3_minus_K1,K3_minus_K5,K3_minus_K7
Adult,0.8563886634199134,0.8635991612554113,0.8672382305194806,0.8674986471861471,0.0072104978354978755,-0.0036390692640693167,-0.0038994859307358576
Banknote,0.9928230636196795,0.9937713332324755,0.9938046140657052,0.9934459969346424,0.0009482696127959267,-3.3280833229731854e-05,0.0003253362978330454
Blood,0.6000407788612014,0.597123852282303,0.596566162710529,0.5949355007277543,-0.0029169265788984156,0.0005576895717740449,0.002188351554548773
Breast,0.9583438155136269,0.9595649895178198,0.9615356394129979,0.9607861635220125,0.0012211740041928598,-0.001970649895178145,-0.0012211740041927488
Cardiotocography,0.6334563471627985,0.6332557000157591,0.6337518071280565,0.630587898567329,-0.00020064714703937891,-0.000496107112297306,0.0026678014484301515
Faults,0.6683691821911761,0.6765372980910406,0.6806299482485036,0.6837049003906721,0.008168115899864437,-0.004092650157463074,-0.007167602299631537
German,0.6522857142857144,0.6573333333333333,0.6601904761904762,0.6577619047619048,0.0050476190476189675,-0.0028571428571428914,-0.0004285714285714448
Glass,0.527266081871345,0.521235380116959,0.5143884015594542,0.5204069200779726,-0.006030701754386025,0.006846978557504824,0.0008284600389864005
Haberman,0.6032738095238095,0.5944940476190477,0.5927083333333333,0.5821428571428571,-0.008779761904761818,0.0017857142857143904,0.012351190476190599
Heart,0.8170175438596491,0.8263596491228069,0.8258333333333333,0.8310964912280701,0.009342105263157818,0.000526315789473597,-0.00473684210526315
ILPD,0.6075434981684982,0.6051053113553114,0.5990728021978022,0.59305173992674,-0.002438186813186749,0.006032509157509192,0.012053571428571441
Ionosphere,0.836513852676045,0.8489768397809039,0.8492078861468186,0.8427988443891987,0.012462987104858825,-0.00023104636591475547,0.00617799539170516
Iris,0.9259615384615385,0.9367521367521368,0.9354700854700855,0.935576923076923,0.010790598290598252,0.0012820512820512775,0.001175213675213782
Laryngeal3,0.6558619158619158,0.6538550338550339,0.6602453102453103,0.659072039072039,-0.002006882006881927,-0.00639027639027645,-0.005217005217005188
Liver,0.6536486486486487,0.671445945945946,0.6805,0.6812702702702703,0.017797297297297288,-0.009054054054054017,-0.00982432432432434
Magic,0.7696291895127936,0.7709421709110154,0.7698439369625373,0.7686635461948298,0.0013129813982217797,0.0010982339484780779,0.002278624716185562
Mammographic,0.8051841399093179,0.8062436383825299,0.8104237993892847,0.810685204034422,0.0010594984732119617,-0.004180161006754779,-0.004441565651892132
Monk2,0.8517801857585139,0.8666150670794635,0.8666150670794635,0.8663828689370485,0.014834881320949567,0.0,0.00023219814241492998
Pima,0.712776119402985,0.7181641791044776,0.7191522388059701,0.7187940298507463,0.005388059701492587,-0.0009880597014925163,-0.0006298507462686453
Sonar,0.7577519841269841,0.7857189153439152,0.7854133597883598,0.7846541005291006,0.027966931216931168,0.0003055555555554479,0.0010648148148146852
Statlog,0.6519999999999999,0.6571428571428571,0.6512857142857144,0.6527619047619048,0.005142857142857227,0.005857142857142783,0.004380952380952374
Steel,0.6902092088456953,0.7033868741192093,0.7054638720509449,0.7042562387265863,0.01317766527351405,-0.002076997931735547,-0.0008693646073769656
Thyroid,0.8521099635427467,0.8390764522427258,0.8319902571877809,0.824888122883406,-0.01303351130002095,0.007086195054944899,0.014188329359319796
Transfusion,0.5423534778992526,0.5368360747233987,0.528065363822406,0.5258043599592895,-0.005517403175853919,0.008770710900992684,0.011031714764109135
Vehicle,0.7483605208807365,0.7518765533657716,0.7576053663317814,0.7589346973780936,0.003516032485035181,-0.0057288129660098,-0.007058144012321965
Vertebral,0.7998113207547171,0.8109999999999999,0.8145283018867925,0.8178867924528301,0.011188679245282884,-0.0035283018867925398,-0.006886792452830193
Voice3,0.5288583638583638,0.5215201465201466,0.521916971916972,0.5271367521367522,-0.007338217338217268,-0.0003968253968253954,-0.005616605616605597
WDVG1,0.8576799089522538,0.8626890160775776,0.8636507931462344,0.8652568205929597,0.005009107125323875,-0.000961777068656744,-0.002567804515382077
Weaning,0.8072368421052631,0.8125,0.8203947368421053,0.8197368421052632,0.0052631578947368585,-0.007894736842105288,-0.007236842105263208
Wine,0.9712962962962963,0.9827777777777778,0.9818518518518518,0.9816666666666667,0.011481481481481426,0.0009259259259259967,0.0011111111111110628
