Dataset,TopK,Accuracy,MacroF1,BalancedAccuracy
Adult,1,0.8578034682080924,0.8560816605350221,0.8563886634199134
Adult,3,0.8644508670520231,0.8629339991993561,0.8635991612554113
Adult,5,0.8679190751445086,0.8664603169508627,0.8672382305194806
Adult,7,0.8682080924855491,0.8667148772512869,0.8674986471861471
Banknote,1,0.9931486880466472,0.9930582142271328,0.9928230636196795
Banknote,3,0.9940233236151604,0.993945197919618,0.9937713332324755
Banknote,5,0.9941690962099126,0.9940903501440171,0.9938046140657052
Banknote,7,0.9938775510204081,0.9937947986818771,0.9934459969346424
Blood,1,0.7756684491978609,0.6103624764227955,0.6000407788612014
Blood,3,0.7754010695187166,0.6070649600669651,0.597123852282303
Blood,5,0.7780748663101604,0.606139489911982,0.596566162710529
Blood,7,0.779144385026738,0.6041206269876815,0.5949355007277543
Breast,1,0.9653846153846153,0.9624218426480248,0.9583438155136269
Breast,3,0.9664335664335665,0.963610115525664,0.9595649895178198
Breast,5,0.9681818181818181,0.9655081673359012,0.9615356394129979
Breast,7,0.9674825174825175,0.9647469315814728,0.9607861635220125
Cardiotocography,1,0.7551691729323309,0.6659662111635882,0.6334563471627985
Cardiotocography,3,0.7637218045112781,0.6698158003924852,0.6332557000157591
Cardiotocography,5,0.7659774436090225,0.669043713597484,0.6337518071280565
Cardiotocography,7,0.7656015037593985,0.6654238719442194,0.630587898567329
Faults,1,0.6839506172839507,0.6800634415436527,0.6683691821911761
Faults,3,0.692283950617284,0.6863149201340447,0.6765372980910406
Faults,5,0.6943415637860082,0.6919609262836794,0.6806299482485036
Faults,7,0.6988683127572016,0.695406848043861,0.6837049003906721
German,1,0.7348,0.6602716739153147,0.6522857142857144
German,3,0.7455999999999999,0.6673095828579368,0.6573333333333333
German,5,0.7512000000000001,0.6714006287162455,0.6601904761904762
German,7,0.751,0.6691211039516582,0.6577619047619048
Glass,1,0.6324074074074074,0.5219416743615921,0.527266081871345
Glass,3,0.6472222222222223,0.5166091422082312,0.521235380116959
Glass,5,0.6435185185185185,0.5008456137642596,0.5143884015594542
Glass,7,0.6527777777777778,0.5131488145375733,0.5204069200779726
Haberman,1,0.725974025974026,0.6084832133181618,0.6032738095238095
Haberman,3,0.7337662337662338,0.5995391657426705,0.5944940476190477
Haberman,5,0.7344155844155844,0.5975263542429164,0.5927083333333333
Haberman,7,0.7298701298701299,0.5836730721520322,0.5821428571428571
Heart,1,0.8205882352941176,0.816975723606762,0.8170175438596491
Heart,3,0.8286764705882353,0.825911907723236,0.8263596491228069
Heart,5,0.8286764705882353,0.8257777180814824,0.8258333333333333
Heart,7,0.8345588235294118,0.8315871179594982,0.8310964912280701
ILPD,1,0.7037671232876712,0.6112530590476347,0.6075434981684982
ILPD,3,0.7078767123287671,0.6092402546348643,0.6051053113553114
ILPD,5,0.7078767123287671,0.6026471960761327,0.5990728021978022
ILPD,7,0.7089041095890412,0.5963077834664059,0.59305173992674
Ionosphere,1,0.8738636363636363,0.8535020405009541,0.836513852676045
Ionosphere,3,0.8857954545454545,0.8670372767349104,0.8489768397809039
Ionosphere,5,0.8869318181818182,0.8678258228227017,0.8492078861468186
Ionosphere,7,0.8823863636363637,0.8620063750046876,0.8427988443891987
Iris,1,0.9263157894736842,0.9251290892367854,0.9259615384615385
Iris,3,0.9368421052631579,0.9361170280475628,0.9367521367521368
Iris,5,0.9355263157894737,0.9348161461412335,0.9354700854700855
Iris,7,0.9355263157894737,0.9349565811222483,0.935576923076923
Laryngeal3,1,0.70561797752809,0.655248223810925,0.6558619158619158
Laryngeal3,3,0.7146067415730337,0.656547875631131,0.6538550338550339
Laryngeal3,5,0.7219101123595506,0.663328743442598,0.6602453102453103
Laryngeal3,7,0.7224719101123596,0.6613019550328384,0.659072039072039
Liver,1,0.6695402298850575,0.6538997763101217,0.6536486486486487
Liver,3,0.6908045977011494,0.6728754400846335,0.671445945945946
Liver,5,0.7,0.6821553211539734,0.6805
Liver,7,0.7022988505747126,0.6827498610418338,0.6812702702702703
Magic,1,0.8153417455310199,0.7836842491360211,0.7696291895127936
Magic,3,0.8164143007360674,0.7850181722788202,0.7709421709110154
Magic,5,0.814794952681388,0.7835252538818078,0.7698439369625373
Magic,7,0.8134595162986331,0.7821407414619146,0.7686635461948298
Mammographic,1,0.805048076923077,0.8047786322419969,0.8051841399093179
Mammographic,3,0.8060096153846154,0.8057747522084231,0.8062436383825299
Mammographic,5,0.8100961538461539,0.8098868610995051,0.8104237993892847
Mammographic,7,0.8103365384615385,0.8101194107704573,0.810685204034422
Monk2,1,0.849537037037037,0.8493879300296208,0.8517801857585139
Monk2,3,0.8638888888888889,0.8637650583841726,0.8666150670794635
Monk2,5,0.8638888888888889,0.8637212617822291,0.8666150670794635
Monk2,7,0.8634259259259259,0.8632875321711678,0.8663828689370485
Pima,1,0.75,0.7171539669374061,0.712776119402985
Pima,3,0.75859375,0.7242136591579384,0.7181641791044776
Pima,5,0.7614583333333333,0.7258963873830753,0.7191522388059701
Pima,7,0.7630208333333333,0.7264603240212804,0.7187940298507463
Sonar,1,0.7596153846153847,0.7569014813671601,0.7577519841269841
Sonar,3,0.7865384615384615,0.7846669743281565,0.7857189153439152
Sonar,5,0.7865384615384615,0.784256506340863,0.7854133597883598
Sonar,7,0.7865384615384615,0.7840783340300507,0.7846541005291006
Statlog,1,0.7416,0.6616819516214847,0.6519999999999999
Statlog,3,0.7528,0.669193902858217,0.6571428571428571
Statlog,5,0.7518,0.663342636727873,0.6512857142857144
Statlog,7,0.7528,0.6650331612046602,0.6527619047619048
Steel,1,0.6993827160493827,0.7038288620000925,0.6902092088456953
Steel,3,0.7078189300411523,0.7142435663877323,0.7033868741192093
Steel,5,0.7124485596707819,0.7179658500842412,0.7054638720509449
Steel,7,0.7123456790123457,0.7177242971034261,0.7042562387265863
Thyroid,1,0.960693641618497,0.8584926380822882,0.8521099635427467
Thyroid,3,0.9589595375722544,0.8498374363828726,0.8390764522427258
Thyroid,5,0.9586705202312139,0.8465960346786335,0.8319902571877809
Thyroid,7,0.9580924855491328,0.8417740165142801,0.824888122883406
Transfusion,1,0.7518716577540107,0.5321224621225145,0.5423534778992526
Transfusion,3,0.758288770053476,0.5193268162623601,0.5368360747233987
Transfusion,5,0.7572192513368984,0.5032904210204296,0.528065363822406
Transfusion,7,0.759090909090909,0.49677838359469983,0.5258043599592895
Vehicle,1,0.744811320754717,0.7434271723192283,0.7483605208807365
Vehicle,3,0.7483490566037736,0.7458501544822216,0.7518765533657716
Vehicle,5,0.7540094339622642,0.751825030649219,0.7576053663317814
Vehicle,7,0.7554245283018868,0.7534120286643518,0.7589346973780936
Vertebral,1,0.8320512820512821,0.8026427750729728,0.7998113207547171
Vertebral,3,0.8429487179487178,0.8152051090317842,0.8109999999999999
Vertebral,5,0.8448717948717949,0.8182579580047049,0.8145283018867925
Vertebral,7,0.8487179487179487,0.8224807649326584,0.8178867924528301
Voice3,1,0.7766666666666666,0.5162963302549516,0.5288583638583638
Voice3,3,0.7791666666666667,0.507437489361555,0.5215201465201466
Voice3,5,0.78,0.5086936679998526,0.521916971916972
Voice3,7,0.7816666666666666,0.5122687832340735,0.5271367521367522
WDVG1,1,0.85792,0.8574796135118147,0.8576799089522538
WDVG1,3,0.8629200000000001,0.8625021088210199,0.8626890160775776
WDVG1,5,0.86388,0.8634635501827301,0.8636507931462344
WDVG1,7,0.86548,0.8650808735751616,0.8652568205929597
Weaning,1,0.8072368421052631,0.8066986290794688,0.8072368421052631
Weaning,3,0.8125,0.8120611132962118,0.8125
Weaning,5,0.8203947368421053,0.8199230543931444,0.8203947368421053
Weaning,7,0.8197368421052632,0.8192274675146514,0.8197368421052632
Wine,1,0.9688888888888888,0.9688652357148484,0.9712962962962963
Wine,3,0.981111111111111,0.9812935741603515,0.9827777777777778
Wine,5,0.9799999999999999,0.9799486211903263,0.9818518518518518
Wine,7,0.9799999999999999,0.980223358701601,0.9816666666666667
