Metric,Comparison,N_Datasets,Mean_K3,Mean_Other,Mean_Difference,Median_Difference,Wilcoxon_W,p_raw,Rank_Biserial,p_holm,Significant_0.05
Accuracy,K=3 vs K=1,30,0.8061270975427156,0.7981554898754137,0.007971607667301784,0.008210784313725517,7.0,3.5390257835388184e-08,0.9698924731182795,1.0617077350616455e-07,True
Accuracy,K=3 vs K=5,30,0.8061270975427156,0.8079596827542221,-0.0018325852115064877,-0.0010481818181817815,63.0,0.004272989014000572,-0.6410256410256411,0.004272989014000572,True
Accuracy,K=3 vs K=7,30,0.8061270975427156,0.8087704326137711,-0.0026433350710553414,-0.002529999999999921,63.0,0.0014326089528015902,-0.6896551724137931,0.0028652179056031803,True
MacroF1,K=3 vs K=1,30,0.7525087518101714,0.7479366750046779,0.004572076805493652,0.005192489762974095,109.0,0.00993151031434536,0.5311827956989247,0.02979453094303608,True
MacroF1,K=3 vs K=5,30,0.7525087518101714,0.7526706534694702,-0.00016190165929860962,-0.00046684915609523925,191.0,0.40449450351297855,-0.17849462365591398,0.8089890070259571,False
MacroF1,K=3 vs K=7,30,0.7525087518101714,0.7521716698751205,0.0003370819350512274,-0.0004932084090339961,213.0,0.7000329215079546,-0.08387096774193549,0.8089890070259571,False
BalancedAccuracy,K=3 vs K=1,30,0.7488633245022385,0.7445277325323827,0.004335591969855812,0.005028363086471421,117.0,0.016431212425231934,0.4967741935483871,0.0492936372756958,True
BalancedAccuracy,K=3 vs K=5,30,0.7488633245022385,0.7493114887303362,-0.00044816422809770275,-0.00031393588137007544,184.0,0.46883416943806333,-0.15402298850574714,0.9376683388761267,False
BalancedAccuracy,K=3 vs K=7,30,0.7488633245022385,0.7487215348161478,0.00014178968609072825,-9.818664307825742e-05,220.0,0.8078304156661034,-0.053763440860215055,0.9376683388761267,False
