Method,Mean_Accuracy,SD_Across_Datasets,Average_Rank,Rank_1_Count
DESKNN,80.87632839413332,9.11218476854668,3.55,8
DES_MHA,80.77665896566667,9.171614731628003,3.933333333333333,3
KNORA-U,80.42001170313333,9.256430825595727,4.783333333333333,6
KNOP,80.48547710769999,9.259467822819017,4.95,2
bADE-RoC-DES,80.61270975426665,9.341683998636476,5.1,1
KNORAE,80.49604942906667,9.447253667845724,5.45,5
META-DES,80.7409332091,9.31575655956372,5.466666666666667,3
OLA,80.13673926706669,9.242101711816407,6.983333333333333,2
SingleBest,79.68139912606667,9.586357478817341,7.866666666666666,2
MCB,79.6854844283,9.54652870563313,8.75,0
MLA,77.75554003700002,10.180795076830947,10.533333333333333,1
LCA,77.75473722310001,10.181430069574356,10.633333333333333,1
