Baseline,Mean_Difference_pp,Median_Difference_pp,Wilcoxon_W,Raw_p,Wins,Ties,Losses,Rank_Biserial,Holm_Adjusted_p,Significant_Holm_0.05
MCB,0.9272253259666672,0.9590527245000047,2.0,5.587935447692871e-09,29,0,1,0.9913978494623656,6.146728992462158e-08,True
LCA,2.8579725311666677,2.3821271925000005,5.0,2.8768627254590153e-06,29,0,1,0.978494623655914,2.8768627254590153e-05,True
MLA,2.8571697172666677,2.3691063595000017,5.0,2.8768627254590153e-06,29,0,1,0.978494623655914,2.8768627254590153e-05,True
OLA,0.47597048719999957,0.27157894750000366,50.0,5.5925920605659485e-05,26,0,4,0.7849462365591398,0.0004474073648452759,True
SingleBest,0.9313106282000014,0.7991486070000065,66.0,0.00031275488436222076,24,0,6,0.7161290322580646,0.0021892841905355453,True
DESKNN,-0.2636186398666652,-0.33493589749999586,95.0,0.0037444327026605606,8,0,22,-0.5913978494623656,0.022466596215963364,True
DES_MHA,-0.1639492113999997,-0.20453952799999797,107.0,0.016877583744026235,6,1,23,-0.5080459770114942,0.08438791872013117,False
KNORAE,0.11666032520000064,-0.007288629500003196,197.0,0.6575663850187541,14,1,15,0.09425287356321839,1.0,False
KNORA-U,0.192698051133335,-0.13076518899999456,229.5,0.9507964443893626,13,0,17,-0.012903225806451613,1.0,False
KNOP,0.12723264656666824,-0.09469120800000042,209.0,0.854172545006435,13,1,16,-0.03908045977011494,1.0,False
META-DES,-0.12822345483333208,0.0,177.0,0.7731091553260637,13,3,14,-0.06349206349206349,1.0,False
