Dataset,DES_MHA,KNORA-U,KNORAE,DESKNN,OLA,LCA,MLA,MCB,KNOP,META-DES,SingleBest,Oracle
Adult,87.08092485549133,87.42774566473989,85.95375722543352,87.19653179190752,86.21387283236994,85.60693641618496,85.60693641618496,85.78034682080923,87.31213872832369,87.28323699421965,86.38728323699422,97.02312138728323
Banknote,99.11078717201167,98.86297376093293,99.41690962099126,99.22740524781342,99.34402332361516,99.00874635568513,99.00874635568513,99.32944606413994,98.84839650145771,99.09620991253647,99.0524781341108,99.8396501457726
Blood,77.64705882352942,78.3957219251337,76.22994652406416,77.72727272727273,77.37967914438504,76.65775401069519,76.65775401069519,77.40641711229947,78.23529411764706,78.10160427807487,77.51336898395722,89.43850267379679
Breast,96.74825174825176,96.81818181818183,96.85314685314685,96.71328671328672,96.71328671328672,95.97902097902099,95.97902097902099,96.67832167832168,96.85314685314685,96.67832167832168,96.57342657342659,99.02097902097903
Cardiotocography,76.57894736842105,76.02443609022558,77.42481203007517,76.75751879699247,76.10902255639098,71.30639097744361,71.30639097744361,75.44172932330828,76.19360902255639,77.18984962406014,74.73684210526315,94.09774436090225
Faults,70.22633744855968,69.60905349794238,69.69135802469135,70.68930041152265,68.84773662551439,65.53497942386831,65.54526748971193,68.24074074074073,69.74279835390946,69.95884773662551,67.93209876543209,91.55349794238683
German,75.32000000000001,74.93999999999998,74.14,75.24000000000002,73.44,71.67999999999999,71.67999999999999,73.2,75.22,74.78,74.36,94.67999999999999
Glass,65.27777777777777,63.98148148148148,65.46296296296296,65.27777777777779,65.27777777777777,60.55555555555556,60.55555555555556,62.68518518518518,63.42592592592592,66.94444444444443,61.57407407407408,93.79629629629629
Haberman,73.44155844155844,73.89610389610388,71.36363636363637,73.70129870129868,72.33766233766235,72.53246753246752,72.53246753246752,71.6883116883117,73.76623376623377,71.88311688311688,74.09090909090908,91.81818181818181
Heart,83.82352941176471,83.23529411764706,82.79411764705881,83.60294117647058,82.27941176470588,80.95588235294119,80.95588235294119,81.54411764705881,83.45588235294119,82.72058823529412,82.05882352941175,97.42647058823529
ILPD,71.4041095890411,72.19178082191782,70.68493150684932,71.06164383561644,70.68493150684931,70.71917808219177,70.71917808219177,70.51369863013699,71.95205479452054,70.89041095890411,71.7123287671233,96.19863013698631
Ionosphere,88.29545454545456,87.7840909090909,88.97727272727273,88.4659090909091,87.38636363636364,83.46590909090908,83.46590909090908,86.875,88.01136363636363,88.01136363636364,85.56818181818181,97.84090909090908
Iris,93.55263157894737,94.07894736842107,93.81578947368422,93.94736842105263,92.89473684210527,91.3157894736842,91.3157894736842,92.36842105263159,93.81578947368422,93.68421052631581,92.89473684210526,99.86842105263159
Laryngeal3,70.89887640449439,70.8426966292135,71.40449438202248,71.12359550561796,71.74157303370785,71.123595505618,71.123595505618,70.78651685393258,70.73033707865169,70.56179775280899,70.67415730337079,90.0561797752809
Liver,69.99999999999999,68.62068965517241,68.16091954022988,70.91954022988506,68.67816091954025,60.51724137931035,60.51724137931035,67.98850574712644,69.08045977011494,68.33333333333333,67.35632183908046,97.816091954023
Magic,80.5488958990536,80.05573080967403,81.11041009463725,80.59516298633017,81.57833859095689,78.74027339642483,78.74132492113566,81.42902208201893,80.18927444794953,80.57518401682441,79.54574132492114,89.23133543638275
Mammographic,80.86538461538461,81.10576923076924,80.04807692307693,80.9375,80.40865384615384,79.73557692307692,79.73557692307692,80.38461538461539,80.96153846153847,80.69711538461539,81.27403846153845,92.13942307692308
Monk2,83.47222222222221,79.39814814814817,87.03703703703704,83.24074074074073,84.53703703703704,77.12962962962962,77.12962962962962,85.78703703703704,81.3888888888889,88.61111111111111,83.14814814814817,97.26851851851853
Pima,76.61458333333334,77.05729166666667,76.01562500000001,76.66666666666667,75.59895833333334,73.46354166666666,73.48958333333333,74.71354166666667,77.29166666666667,76.97916666666666,76.71875000000001,93.46354166666666
Sonar,78.65384615384615,77.40384615384616,78.84615384615384,78.36538461538461,76.63461538461539,70.57692307692307,70.57692307692307,75.19230769230771,77.40384615384616,80.48076923076923,74.90384615384616,98.46153846153845
Statlog,75.48,75.3,74.97999999999999,75.5,74.42,72.72,72.72,74.22,75.24000000000001,75.17999999999998,74.16000000000001,93.94
Steel,71.29629629629629,70.48353909465021,71.06995884773664,71.440329218107,70.5246913580247,67.09876543209877,67.10905349794238,69.74279835390946,70.60699588477367,70.78189300411522,69.14609053497942,91.6358024691358
Thyroid,96.09826589595374,95.98265895953757,95.9248554913295,95.72254335260115,96.15606936416184,95.60693641618498,95.60693641618498,95.8092485549133,95.95375722543352,96.04046242774567,95.98265895953757,98.64161849710983
Transfusion,75.85561497326202,76.06951871657756,74.30481283422459,75.74866310160427,75.53475935828877,76.28342245989306,76.28342245989306,75.80213903743315,76.0427807486631,75.50802139037431,75.66844919786097,85.48128342245988
Vehicle,75.02358490566039,75.23584905660377,75.66037735849056,75.51886792452828,74.45754716981132,71.06132075471696,71.03773584905659,74.36320754716982,75.16509433962264,74.71698113207547,72.87735849056604,96.60377358490567
Vertebral,84.74358974358972,83.46153846153844,84.35897435897435,85.12820512820511,84.03846153846152,78.91025641025641,78.91025641025641,83.39743589743588,83.9102564102564,84.10256410256409,84.67948717948717,97.05128205128207
Voice3,78.0,78.74999999999999,77.41666666666667,78.25000000000001,77.74999999999997,76.24999999999999,76.24999999999999,76.83333333333333,78.49999999999999,77.33333333333333,77.0,92.66666666666666
WDVG1,86.712,86.732,86.176,86.73199999999999,86.01199999999999,85.28,85.28,85.828,86.72,86.664,86.136,95.204
Weaning,81.97368421052632,80.85526315789475,81.44736842105263,82.23684210526316,80.78947368421049,76.38157894736842,76.38157894736842,79.86842105263156,80.65789473684211,80.32894736842105,79.60526315789473,97.50000000000001
Wine,98.55555555555556,98.0,98.11111111111111,98.55555555555556,96.33333333333334,96.44444444444446,96.44444444444446,96.66666666666666,97.88888888888889,98.11111111111111,97.11111111111111,99.88888888888889
