Baseline,Observed_Mean_Difference_pp,Bootstrap_CI_Lower,Bootstrap_CI_Upper
DES_MHA,-0.1639492113999997,-0.3927300493808331,0.12506298789583234
KNORA-U,0.192698051133335,-0.23538748982083227,0.7902166039841679
KNORAE,0.11666032520000064,-0.11248021470416857,0.36583071713000115
DESKNN,-0.2636186398666652,-0.5319304659374982,0.06401573495500143
OLA,0.47597048719999957,0.270947026379166,0.7018355942299995
LCA,2.8579725311666677,1.9990329896116683,3.802335525240834
MLA,2.8571697172666677,2.007094996987502,3.7910547571849995
MCB,0.9272253259666672,0.6802651908333334,1.2015644918274988
KNOP,0.12723264656666824,-0.2263336573208308,0.5695023909625005
META-DES,-0.12822345483333208,-0.4531964177349983,0.17435975947250204
SingleBest,0.9313106282000014,0.49809677351916765,1.3825367725008346
