dataset,bADE_Total_Time,DESbADE_Total_Time,bADE_Query_Time,DESbADE_Query_Time,Total_Time_Diff,Query_Time_Diff
Adult,90.99113389253617,196.15907700061797,0.8710788473917569,1.128290666114388,-105.1679431080818,-0.2572118187226312
Banknote,12.046039199829101,214.10886710882187,0.9760152268340219,0.6214624458777314,-202.06282790899277,0.3545527809562905
Blood,7.506388020515442,119.38651633262634,1.0194129741128115,0.6333893261491296,-111.8801283121109,0.38602364796368194
Breast,6.3296518445014955,92.18258677721023,1.0583321750580847,0.6379796499138946,-85.85293493270873,0.4203525251441902
Cardiotocography,36.46910866498947,770.4113473176956,1.9743237437162182,1.443368080773748,-733.9422386527061,0.5309556629424703
Faults,28.37813149690628,553.3047926306724,1.6717942128701466,1.1343477037708456,-524.9266611337662,0.537446509099301
German,9.472234320640563,152.92774571180342,1.0087125973701476,0.6078735918998718,-143.45551139116287,0.40083900547027584
Glass,5.104217290878296,54.87634381055832,1.5216485378918825,0.9894626743263668,-49.77212651968002,0.5321858635655157
Haberman,4.127858066558838,48.39443254470825,1.0657859958611526,0.6168209616239969,-44.266574478149415,0.4489650342371557
Heart,3.794659745693207,43.05759506225586,1.0381598938913907,0.6200407571652357,-39.26293531656265,0.4181191367261551
ILPD,6.24642904996872,90.88828581571579,1.0173434172591118,0.6162335308447277,-84.64185676574706,0.40110988641438416
Ionosphere,4.609211122989654,54.90582691431045,1.0649974123998123,0.6137618128548968,-50.2966157913208,0.45123559954491543
Iris,3.6545294284820558,32.49032994508743,1.2900530165747592,0.8239096735653124,-28.835800516605374,0.4661433430094468
Laryngeal3,5.633527839183808,184.73263564109803,1.2576946389809083,2.061018693581056,-179.09910780191422,-0.8033240546001477
Liver,4.438502931594849,55.01212283372879,1.029190411375857,0.621947348665917,-50.57361990213394,0.40724306270993993
Magic,141.97044665813445,2905.243796122074,0.941416241448259,0.6107027820182023,-2763.2733494639397,0.3307134594300567
Mammographic,8.122786653041839,131.9628148674965,1.004112401088843,0.6298939315745463,-123.84002821445465,0.3742184695142966
Monk2,5.098988556861878,69.10058723688125,1.03100459045834,0.6311931041655716,-64.00159868001937,0.3998114862927684
Pima,7.630010318756104,121.70864360332489,1.0055547637244067,0.6290048251549403,-114.07863328456878,0.3765499385694664
Sonar,3.4844789028167726,34.83970514535904,1.0797208176209376,0.6521879796798412,-31.35522624254227,0.4275328379410964
Statlog,9.47102632522583,158.59701821804046,1.0066701169013976,0.630574577999115,-149.12599189281462,0.37609553890228264
Steel,28.481494629383086,577.7128845572472,1.6751816121148475,1.1844992439933275,-549.2313899278641,0.49068236812152
Thyroid,7.2642067790031435,111.70412229299545,1.0513317037179981,0.6401438988702146,-104.4399155139923,0.4111878048477835
Transfusion,7.638718008995056,118.80654903650284,1.0299596377235045,0.6302820003606419,-111.16783102750779,0.39967763736286266
Vehicle,11.320698845386506,196.81278940439225,1.36873847667901,0.9215811766543478,-185.49209055900573,0.44715730002466225
Vertebral,3.981885349750519,50.83814339637756,1.0273461812581772,0.6396983001476679,-46.85625804662704,0.3876478811105093
Voice3,4.5786014795303345,52.01431788206101,1.2785425186157227,0.8461128542820612,-47.43571640253067,0.4324296643336615
WDVG1,48.64799193143845,1040.3145698666572,1.1848424871635437,0.830961221933365,-991.6665779352187,0.3538812652301787
Weaning,4.136994040012359,50.08609435558319,1.0750899310174742,0.6465774598874544,-45.94910031557083,0.4285124711300198
Wine,3.808768904209137,39.58960132598877,1.2893365099694993,0.8522064521577624,-35.78083242177963,0.43713005781173697
