Dataset,Iteration,Static_Majority,KNN7_Top3,KNN10_Top3,KNN20_Top3
Adult,0,0.8439306358381503,0.8265895953757225,0.8265895953757225,0.838150289017341
Adult,1,0.8901734104046243,0.8728323699421965,0.8728323699421965,0.861271676300578
Adult,2,0.8670520231213873,0.861271676300578,0.8554913294797688,0.8554913294797688
Adult,3,0.8728323699421965,0.8497109826589595,0.861271676300578,0.8554913294797688
Adult,4,0.8901734104046243,0.8497109826589595,0.8497109826589595,0.8670520231213873
Adult,5,0.884393063583815,0.8439306358381503,0.8439306358381503,0.8497109826589595
Adult,6,0.861271676300578,0.8497109826589595,0.838150289017341,0.8439306358381503
Adult,7,0.8554913294797688,0.8670520231213873,0.861271676300578,0.8497109826589595
Adult,8,0.8959537572254336,0.884393063583815,0.8728323699421965,0.8728323699421965
Adult,9,0.9017341040462428,0.8901734104046243,0.8901734104046243,0.8959537572254336
Adult,10,0.8554913294797688,0.8670520231213873,0.8728323699421965,0.861271676300578
Adult,11,0.8786127167630058,0.884393063583815,0.8901734104046243,0.884393063583815
Adult,12,0.884393063583815,0.884393063583815,0.8786127167630058,0.8728323699421965
Adult,13,0.861271676300578,0.8554913294797688,0.8439306358381503,0.8670520231213873
Adult,14,0.9075144508670521,0.8786127167630058,0.8959537572254336,0.8959537572254336
Adult,15,0.861271676300578,0.861271676300578,0.8497109826589595,0.8323699421965318
Adult,16,0.8670520231213873,0.8786127167630058,0.8728323699421965,0.8670520231213873
Adult,17,0.8497109826589595,0.8439306358381503,0.8554913294797688,0.8439306358381503
Adult,18,0.9017341040462428,0.8959537572254336,0.9132947976878613,0.9017341040462428
Adult,19,0.884393063583815,0.884393063583815,0.884393063583815,0.884393063583815
Banknote,0,0.9912536443148688,0.9970845481049563,0.9970845481049563,0.9970845481049563
Banknote,1,0.9825072886297376,0.9970845481049563,0.9970845481049563,0.9970845481049563
Banknote,2,0.9854227405247813,0.9912536443148688,0.9912536443148688,0.9912536443148688
Banknote,3,0.9825072886297376,0.9912536443148688,0.9912536443148688,0.9912536443148688
Banknote,4,0.9912536443148688,0.9912536443148688,0.9912536443148688,0.9912536443148688
Banknote,5,0.9883381924198251,0.9941690962099126,0.9941690962099126,0.9941690962099126
Banknote,6,0.9883381924198251,1.0,1.0,1.0
Banknote,7,0.9825072886297376,0.9912536443148688,0.9912536443148688,0.9912536443148688
Banknote,8,0.9883381924198251,0.9941690962099126,0.9941690962099126,0.9912536443148688
Banknote,9,0.9912536443148688,0.9970845481049563,0.9970845481049563,1.0
Banknote,10,0.9941690962099126,1.0,1.0,1.0
Banknote,11,0.9941690962099126,0.9970845481049563,0.9970845481049563,0.9970845481049563
Banknote,12,0.9737609329446064,0.9766763848396501,0.9766763848396501,0.9766763848396501
Banknote,13,0.9941690962099126,0.9883381924198251,0.9912536443148688,0.9941690962099126
Banknote,14,0.9912536443148688,0.9970845481049563,1.0,1.0
Banknote,15,0.9912536443148688,0.9941690962099126,0.9941690962099126,0.9941690962099126
Banknote,16,0.9825072886297376,0.9854227405247813,0.9854227405247813,0.9883381924198251
Banknote,17,0.9912536443148688,0.9941690962099126,0.9941690962099126,0.9941690962099126
Banknote,18,0.9883381924198251,0.9970845481049563,0.9970845481049563,0.9970845481049563
Banknote,19,0.9737609329446064,0.9970845481049563,0.9970845481049563,0.9970845481049563
Blood,0,0.7700534759358288,0.786096256684492,0.7754010695187166,0.7754010695187166
Blood,1,0.7807486631016043,0.8021390374331551,0.8021390374331551,0.7914438502673797
Blood,2,0.7914438502673797,0.8128342245989305,0.8128342245989305,0.8074866310160428
Blood,3,0.786096256684492,0.7967914438502673,0.8074866310160428,0.8181818181818182
Blood,4,0.7967914438502673,0.7700534759358288,0.7647058823529411,0.7647058823529411
Blood,5,0.7967914438502673,0.7433155080213903,0.7754010695187166,0.7700534759358288
Blood,6,0.7754010695187166,0.786096256684492,0.7807486631016043,0.7593582887700535
Blood,7,0.7754010695187166,0.7754010695187166,0.7807486631016043,0.7700534759358288
Blood,8,0.7754010695187166,0.7593582887700535,0.7593582887700535,0.7647058823529411
Blood,9,0.7647058823529411,0.7700534759358288,0.7700534759358288,0.7754010695187166
Blood,10,0.7700534759358288,0.732620320855615,0.732620320855615,0.7379679144385026
Blood,11,0.7754010695187166,0.7700534759358288,0.786096256684492,0.7967914438502673
Blood,12,0.7967914438502673,0.7754010695187166,0.7754010695187166,0.7647058823529411
Blood,13,0.8128342245989305,0.7967914438502673,0.7967914438502673,0.8021390374331551
Blood,14,0.7593582887700535,0.786096256684492,0.7647058823529411,0.7754010695187166
Blood,15,0.7754010695187166,0.7754010695187166,0.7700534759358288,0.7540106951871658
Blood,16,0.7914438502673797,0.7647058823529411,0.7754010695187166,0.7754010695187166
Blood,17,0.7700534759358288,0.8021390374331551,0.7967914438502673,0.7967914438502673
Blood,18,0.8021390374331551,0.786096256684492,0.786096256684492,0.786096256684492
Blood,19,0.8021390374331551,0.7967914438502673,0.7967914438502673,0.7807486631016043
Breast,0,0.965034965034965,0.972027972027972,0.972027972027972,0.958041958041958
Breast,1,0.972027972027972,0.9790209790209791,0.972027972027972,0.958041958041958
Breast,2,0.958041958041958,0.958041958041958,0.965034965034965,0.965034965034965
Breast,3,0.972027972027972,0.958041958041958,0.958041958041958,0.958041958041958
Breast,4,0.9440559440559441,0.9300699300699301,0.9370629370629371,0.9370629370629371
Breast,5,0.9790209790209791,0.9790209790209791,0.9790209790209791,0.986013986013986
Breast,6,0.972027972027972,0.9790209790209791,0.9790209790209791,0.9790209790209791
Breast,7,0.9790209790209791,0.993006993006993,0.9790209790209791,0.965034965034965
Breast,8,0.965034965034965,0.951048951048951,0.9440559440559441,0.951048951048951
Breast,9,0.972027972027972,0.9790209790209791,0.972027972027972,0.986013986013986
Breast,10,0.986013986013986,0.993006993006993,0.993006993006993,0.986013986013986
Breast,11,0.9370629370629371,0.951048951048951,0.951048951048951,0.958041958041958
Breast,12,0.9790209790209791,0.986013986013986,0.986013986013986,0.986013986013986
Breast,13,0.965034965034965,0.958041958041958,0.958041958041958,0.972027972027972
Breast,14,0.965034965034965,0.972027972027972,0.972027972027972,0.965034965034965
Breast,15,0.9790209790209791,0.972027972027972,0.972027972027972,0.9790209790209791
Breast,16,0.986013986013986,0.972027972027972,0.972027972027972,0.9790209790209791
Breast,17,0.972027972027972,0.965034965034965,0.951048951048951,0.958041958041958
Breast,18,0.958041958041958,0.958041958041958,0.958041958041958,0.972027972027972
Breast,19,0.965034965034965,0.951048951048951,0.951048951048951,0.9440559440559441
Cardiotocography,0,0.7443609022556391,0.768796992481203,0.768796992481203,0.7631578947368421
Cardiotocography,1,0.7518796992481203,0.768796992481203,0.7800751879699248,0.7650375939849624
Cardiotocography,2,0.7725563909774437,0.7781954887218046,0.7800751879699248,0.7706766917293233
Cardiotocography,3,0.75,0.7518796992481203,0.768796992481203,0.7669172932330827
Cardiotocography,4,0.7575187969924813,0.7669172932330827,0.7575187969924813,0.7593984962406015
Cardiotocography,5,0.7631578947368421,0.7706766917293233,0.7763157894736842,0.7763157894736842
Cardiotocography,6,0.7518796992481203,0.7575187969924813,0.7631578947368421,0.7706766917293233
Cardiotocography,7,0.7255639097744361,0.7424812030075187,0.7387218045112782,0.731203007518797
Cardiotocography,8,0.7631578947368421,0.7969924812030075,0.7951127819548872,0.7763157894736842
Cardiotocography,9,0.7650375939849624,0.7913533834586466,0.8082706766917294,0.7857142857142857
Cardiotocography,10,0.7819548872180451,0.7875939849624061,0.793233082706767,0.7913533834586466
Cardiotocography,11,0.7650375939849624,0.7669172932330827,0.7725563909774437,0.7706766917293233
Cardiotocography,12,0.7650375939849624,0.7593984962406015,0.7612781954887218,0.768796992481203
Cardiotocography,13,0.7443609022556391,0.7575187969924813,0.7593984962406015,0.7593984962406015
Cardiotocography,14,0.7744360902255639,0.7800751879699248,0.7800751879699248,0.7857142857142857
Cardiotocography,15,0.7424812030075187,0.7443609022556391,0.7593984962406015,0.7612781954887218
Cardiotocography,16,0.7518796992481203,0.7612781954887218,0.7537593984962406,0.7424812030075187
Cardiotocography,17,0.7575187969924813,0.7650375939849624,0.7650375939849624,0.7593984962406015
Cardiotocography,18,0.7819548872180451,0.7951127819548872,0.7913533834586466,0.7875939849624061
Cardiotocography,19,0.7481203007518797,0.7462406015037594,0.7706766917293233,0.7443609022556391
Faults,0,0.7139917695473251,0.7037037037037037,0.6934156378600823,0.691358024691358
Faults,1,0.7037037037037037,0.7078189300411523,0.7037037037037037,0.7098765432098766
Faults,2,0.7366255144032922,0.7263374485596708,0.7119341563786008,0.7078189300411523
Faults,3,0.6604938271604939,0.6851851851851852,0.6954732510288066,0.6934156378600823
Faults,4,0.7057613168724279,0.6934156378600823,0.6790123456790124,0.6975308641975309
Faults,5,0.691358024691358,0.6975308641975309,0.6831275720164609,0.691358024691358
Faults,6,0.7222222222222222,0.7304526748971193,0.7283950617283951,0.7181069958847737
Faults,7,0.668724279835391,0.6954732510288066,0.6893004115226338,0.691358024691358
Faults,8,0.6975308641975309,0.6995884773662552,0.7057613168724279,0.6954732510288066
Faults,9,0.6666666666666666,0.6851851851851852,0.6954732510288066,0.6872427983539094
Faults,10,0.7016460905349794,0.6934156378600823,0.6954732510288066,0.7119341563786008
Faults,11,0.6604938271604939,0.6893004115226338,0.7057613168724279,0.6872427983539094
Faults,12,0.7263374485596708,0.7242798353909465,0.720164609053498,0.7345679012345679
Faults,13,0.6563786008230452,0.668724279835391,0.676954732510288,0.6790123456790124
Faults,14,0.6604938271604939,0.676954732510288,0.6872427983539094,0.676954732510288
Faults,15,0.6851851851851852,0.7098765432098766,0.7037037037037037,0.6851851851851852
Faults,16,0.6872427983539094,0.691358024691358,0.6954732510288066,0.6893004115226338
Faults,17,0.6625514403292181,0.7037037037037037,0.6954732510288066,0.6851851851851852
Faults,18,0.6954732510288066,0.7098765432098766,0.7098765432098766,0.7057613168724279
Faults,19,0.6872427983539094,0.6748971193415638,0.6934156378600823,0.6831275720164609
German,0,0.712,0.716,0.732,0.748
German,1,0.736,0.732,0.732,0.748
German,2,0.744,0.716,0.724,0.736
German,3,0.74,0.768,0.768,0.76
German,4,0.788,0.8,0.78,0.772
German,5,0.74,0.728,0.736,0.744
German,6,0.776,0.772,0.768,0.764
German,7,0.736,0.716,0.748,0.72
German,8,0.796,0.772,0.764,0.768
German,9,0.756,0.784,0.78,0.772
German,10,0.74,0.736,0.748,0.736
German,11,0.724,0.716,0.724,0.732
German,12,0.768,0.748,0.76,0.752
German,13,0.732,0.736,0.724,0.752
German,14,0.764,0.748,0.728,0.744
German,15,0.74,0.784,0.764,0.768
German,16,0.748,0.776,0.78,0.768
German,17,0.748,0.748,0.76,0.732
German,18,0.752,0.76,0.748,0.756
German,19,0.748,0.744,0.752,0.756
Glass,0,0.6851851851851852,0.7037037037037037,0.6666666666666666,0.6851851851851852
Glass,1,0.6481481481481481,0.6481481481481481,0.6296296296296297,0.5925925925925926
Glass,2,0.5740740740740741,0.5925925925925926,0.5925925925925926,0.5740740740740741
Glass,3,0.6296296296296297,0.6666666666666666,0.6481481481481481,0.6666666666666666
Glass,4,0.5370370370370371,0.7407407407407407,0.7222222222222222,0.6666666666666666
Glass,5,0.6481481481481481,0.6851851851851852,0.6666666666666666,0.6296296296296297
Glass,6,0.6296296296296297,0.7592592592592593,0.7407407407407407,0.7222222222222222
Glass,7,0.5925925925925926,0.5925925925925926,0.5925925925925926,0.6111111111111112
Glass,8,0.6481481481481481,0.6481481481481481,0.6481481481481481,0.7037037037037037
Glass,9,0.7407407407407407,0.7222222222222222,0.7407407407407407,0.7777777777777778
Glass,10,0.5740740740740741,0.6296296296296297,0.6296296296296297,0.6481481481481481
Glass,11,0.6296296296296297,0.6851851851851852,0.6481481481481481,0.7037037037037037
Glass,12,0.5925925925925926,0.6481481481481481,0.6481481481481481,0.6481481481481481
Glass,13,0.6296296296296297,0.6666666666666666,0.6111111111111112,0.6481481481481481
Glass,14,0.5185185185185185,0.6296296296296297,0.5740740740740741,0.5925925925925926
Glass,15,0.6296296296296297,0.6111111111111112,0.6296296296296297,0.5925925925925926
Glass,16,0.5925925925925926,0.6851851851851852,0.7037037037037037,0.6851851851851852
Glass,17,0.6111111111111112,0.6111111111111112,0.6111111111111112,0.6111111111111112
Glass,18,0.5740740740740741,0.5925925925925926,0.5925925925925926,0.6296296296296297
Glass,19,0.6666666666666666,0.7037037037037037,0.6851851851851852,0.7222222222222222
Haberman,0,0.7012987012987013,0.7012987012987013,0.7012987012987013,0.7012987012987013
Haberman,1,0.7922077922077922,0.7532467532467533,0.7532467532467533,0.7402597402597403
Haberman,2,0.7662337662337663,0.7792207792207793,0.7402597402597403,0.7012987012987013
Haberman,3,0.6753246753246753,0.6493506493506493,0.6753246753246753,0.6883116883116883
Haberman,4,0.7142857142857143,0.7532467532467533,0.7662337662337663,0.6883116883116883
Haberman,5,0.7662337662337663,0.7662337662337663,0.7272727272727273,0.7402597402597403
Haberman,6,0.7142857142857143,0.7142857142857143,0.7142857142857143,0.7012987012987013
Haberman,7,0.8051948051948052,0.7402597402597403,0.7272727272727273,0.7272727272727273
Haberman,8,0.7142857142857143,0.6623376623376623,0.6623376623376623,0.6623376623376623
Haberman,9,0.7532467532467533,0.7402597402597403,0.7402597402597403,0.7532467532467533
Haberman,10,0.7272727272727273,0.7272727272727273,0.7532467532467533,0.8051948051948052
Haberman,11,0.7402597402597403,0.7922077922077922,0.8051948051948052,0.7922077922077922
Haberman,12,0.7272727272727273,0.7532467532467533,0.7402597402597403,0.7792207792207793
Haberman,13,0.7402597402597403,0.7142857142857143,0.7272727272727273,0.7402597402597403
Haberman,14,0.7532467532467533,0.7792207792207793,0.7792207792207793,0.7792207792207793
Haberman,15,0.7272727272727273,0.7272727272727273,0.7272727272727273,0.7532467532467533
Haberman,16,0.7402597402597403,0.7012987012987013,0.7012987012987013,0.7272727272727273
Haberman,17,0.7272727272727273,0.7142857142857143,0.7012987012987013,0.7012987012987013
Haberman,18,0.7272727272727273,0.7272727272727273,0.7402597402597403,0.7272727272727273
Haberman,19,0.7272727272727273,0.7402597402597403,0.7402597402597403,0.7532467532467533
Heart,0,0.7794117647058824,0.75,0.7647058823529411,0.7794117647058824
Heart,1,0.8529411764705882,0.8088235294117647,0.8088235294117647,0.7794117647058824
Heart,2,0.7794117647058824,0.7941176470588235,0.7941176470588235,0.8088235294117647
Heart,3,0.8382352941176471,0.8823529411764706,0.8676470588235294,0.8970588235294118
Heart,4,0.8529411764705882,0.8676470588235294,0.8676470588235294,0.8382352941176471
Heart,5,0.8823529411764706,0.9117647058823529,0.8676470588235294,0.8823529411764706
Heart,6,0.7352941176470589,0.7205882352941176,0.75,0.7352941176470589
Heart,7,0.8529411764705882,0.8382352941176471,0.8382352941176471,0.7941176470588235
Heart,8,0.8235294117647058,0.8382352941176471,0.8235294117647058,0.8676470588235294
Heart,9,0.9117647058823529,0.9117647058823529,0.9117647058823529,0.8676470588235294
Heart,10,0.8382352941176471,0.8235294117647058,0.8382352941176471,0.8823529411764706
Heart,11,0.8088235294117647,0.8235294117647058,0.8235294117647058,0.7941176470588235
Heart,12,0.8235294117647058,0.8823529411764706,0.8676470588235294,0.8529411764705882
Heart,13,0.8529411764705882,0.8970588235294118,0.8823529411764706,0.8823529411764706
Heart,14,0.8382352941176471,0.8529411764705882,0.8676470588235294,0.8529411764705882
Heart,15,0.8235294117647058,0.8529411764705882,0.8235294117647058,0.8382352941176471
Heart,16,0.7794117647058824,0.7647058823529411,0.7794117647058824,0.8235294117647058
Heart,17,0.7794117647058824,0.8088235294117647,0.8088235294117647,0.7941176470588235
Heart,18,0.8676470588235294,0.7941176470588235,0.8088235294117647,0.8235294117647058
Heart,19,0.8529411764705882,0.8529411764705882,0.8529411764705882,0.8529411764705882
ILPD,0,0.7328767123287672,0.7123287671232876,0.7123287671232876,0.7054794520547946
ILPD,1,0.7054794520547946,0.7054794520547946,0.7123287671232876,0.7123287671232876
ILPD,2,0.6986301369863014,0.6986301369863014,0.6917808219178082,0.7123287671232876
ILPD,3,0.6506849315068494,0.6986301369863014,0.684931506849315,0.684931506849315
ILPD,4,0.7191780821917808,0.6712328767123288,0.6575342465753424,0.6232876712328768
ILPD,5,0.7465753424657534,0.7123287671232876,0.7328767123287672,0.726027397260274
ILPD,6,0.7328767123287672,0.6643835616438356,0.6917808219178082,0.678082191780822
ILPD,7,0.6712328767123288,0.6917808219178082,0.684931506849315,0.678082191780822
ILPD,8,0.7397260273972602,0.7397260273972602,0.7054794520547946,0.7328767123287672
ILPD,9,0.726027397260274,0.7328767123287672,0.726027397260274,0.6917808219178082
ILPD,10,0.7054794520547946,0.7054794520547946,0.6917808219178082,0.6712328767123288
ILPD,11,0.6917808219178082,0.7328767123287672,0.7397260273972602,0.7465753424657534
ILPD,12,0.7602739726027398,0.773972602739726,0.773972602739726,0.7534246575342466
ILPD,13,0.7465753424657534,0.7054794520547946,0.7191780821917808,0.726027397260274
ILPD,14,0.7191780821917808,0.7397260273972602,0.7328767123287672,0.7191780821917808
ILPD,15,0.7534246575342466,0.7123287671232876,0.6917808219178082,0.7191780821917808
ILPD,16,0.7191780821917808,0.6986301369863014,0.6986301369863014,0.7397260273972602
ILPD,17,0.6986301369863014,0.6917808219178082,0.7123287671232876,0.7123287671232876
ILPD,18,0.7123287671232876,0.7123287671232876,0.7054794520547946,0.6986301369863014
ILPD,19,0.726027397260274,0.7054794520547946,0.7054794520547946,0.7054794520547946
Ionosphere,0,0.8295454545454546,0.8863636363636364,0.8863636363636364,0.8636363636363636
Ionosphere,1,0.8636363636363636,0.8863636363636364,0.8977272727272727,0.9204545454545454
Ionosphere,2,0.875,0.8863636363636364,0.8863636363636364,0.8863636363636364
Ionosphere,3,0.8636363636363636,0.8863636363636364,0.8863636363636364,0.8977272727272727
Ionosphere,4,0.8181818181818182,0.8409090909090909,0.8522727272727273,0.8522727272727273
Ionosphere,5,0.8977272727272727,0.9204545454545454,0.9204545454545454,0.9090909090909091
Ionosphere,6,0.875,0.8863636363636364,0.8977272727272727,0.9204545454545454
Ionosphere,7,0.8295454545454546,0.8636363636363636,0.8522727272727273,0.8636363636363636
Ionosphere,8,0.8863636363636364,0.8977272727272727,0.8977272727272727,0.8977272727272727
Ionosphere,9,0.8636363636363636,0.8977272727272727,0.8863636363636364,0.875
Ionosphere,10,0.9204545454545454,0.9318181818181818,0.8977272727272727,0.8863636363636364
Ionosphere,11,0.875,0.8409090909090909,0.8409090909090909,0.8409090909090909
Ionosphere,12,0.8863636363636364,0.8977272727272727,0.8863636363636364,0.8636363636363636
Ionosphere,13,0.8977272727272727,0.875,0.875,0.8863636363636364
Ionosphere,14,0.8977272727272727,0.8522727272727273,0.8636363636363636,0.8863636363636364
Ionosphere,15,0.8863636363636364,0.8863636363636364,0.875,0.8863636363636364
Ionosphere,16,0.8863636363636364,0.8863636363636364,0.8863636363636364,0.875
Ionosphere,17,0.8636363636363636,0.8522727272727273,0.8636363636363636,0.8636363636363636
Ionosphere,18,0.8863636363636364,0.8863636363636364,0.8863636363636364,0.8863636363636364
Ionosphere,19,0.8636363636363636,0.8522727272727273,0.8409090909090909,0.8636363636363636
Iris,0,0.9210526315789473,0.9210526315789473,0.9210526315789473,0.9210526315789473
Iris,1,0.9736842105263158,0.9736842105263158,0.9736842105263158,0.9736842105263158
Iris,2,0.9736842105263158,0.9210526315789473,0.9210526315789473,0.9210526315789473
Iris,3,0.9210526315789473,0.9210526315789473,0.9210526315789473,0.9210526315789473
Iris,4,0.9473684210526315,0.9736842105263158,0.9736842105263158,0.9473684210526315
Iris,5,0.9473684210526315,0.9473684210526315,0.9210526315789473,0.9473684210526315
Iris,6,0.8421052631578947,0.9210526315789473,0.9210526315789473,0.868421052631579
Iris,7,0.9210526315789473,0.9473684210526315,0.9473684210526315,0.9473684210526315
Iris,8,0.9473684210526315,0.9210526315789473,0.9210526315789473,0.9210526315789473
Iris,9,0.9210526315789473,0.9210526315789473,0.9210526315789473,0.9210526315789473
Iris,10,0.9473684210526315,0.9210526315789473,0.9210526315789473,0.9210526315789473
Iris,11,1.0,0.9736842105263158,1.0,0.9473684210526315
Iris,12,0.8947368421052632,0.8947368421052632,0.868421052631579,0.868421052631579
Iris,13,0.9210526315789473,0.9473684210526315,0.9473684210526315,0.9473684210526315
Iris,14,0.9210526315789473,0.8947368421052632,0.8947368421052632,0.8947368421052632
Iris,15,0.9736842105263158,0.9736842105263158,0.9736842105263158,0.9210526315789473
Iris,16,0.9736842105263158,0.9736842105263158,0.9736842105263158,0.9736842105263158
Iris,17,0.9210526315789473,0.9736842105263158,0.9473684210526315,0.9736842105263158
Iris,18,0.9210526315789473,0.9473684210526315,0.9473684210526315,0.9473684210526315
Iris,19,0.9210526315789473,0.9473684210526315,0.9736842105263158,0.9736842105263158
Laryngeal3,0,0.7303370786516854,0.7752808988764045,0.7640449438202247,0.7415730337078652
Laryngeal3,1,0.6179775280898876,0.7191011235955056,0.7078651685393258,0.6629213483146067
Laryngeal3,2,0.7303370786516854,0.7752808988764045,0.7528089887640449,0.797752808988764
Laryngeal3,3,0.7191011235955056,0.7528089887640449,0.7640449438202247,0.7303370786516854
Laryngeal3,4,0.7078651685393258,0.6741573033707865,0.6853932584269663,0.6741573033707865
Laryngeal3,5,0.7078651685393258,0.7415730337078652,0.7191011235955056,0.6741573033707865
Laryngeal3,6,0.6853932584269663,0.6741573033707865,0.6741573033707865,0.6741573033707865
Laryngeal3,7,0.7078651685393258,0.7078651685393258,0.7078651685393258,0.7303370786516854
Laryngeal3,8,0.6966292134831461,0.6966292134831461,0.6853932584269663,0.6853932584269663
Laryngeal3,9,0.6741573033707865,0.6966292134831461,0.7191011235955056,0.7303370786516854
Laryngeal3,10,0.6966292134831461,0.7078651685393258,0.7078651685393258,0.7191011235955056
Laryngeal3,11,0.7415730337078652,0.7752808988764045,0.8089887640449438,0.7640449438202247
Laryngeal3,12,0.7191011235955056,0.7078651685393258,0.6966292134831461,0.6853932584269663
Laryngeal3,13,0.6292134831460674,0.6292134831460674,0.6404494382022472,0.6067415730337079
Laryngeal3,14,0.6853932584269663,0.6966292134831461,0.6853932584269663,0.6741573033707865
Laryngeal3,15,0.7528089887640449,0.7640449438202247,0.7752808988764045,0.7865168539325843
Laryngeal3,16,0.7415730337078652,0.7415730337078652,0.7303370786516854,0.7415730337078652
Laryngeal3,17,0.7415730337078652,0.7415730337078652,0.7528089887640449,0.7415730337078652
Laryngeal3,18,0.6629213483146067,0.6853932584269663,0.6629213483146067,0.6741573033707865
Laryngeal3,19,0.7078651685393258,0.6966292134831461,0.6853932584269663,0.6966292134831461
Liver,0,0.7126436781609196,0.7816091954022989,0.735632183908046,0.735632183908046
Liver,1,0.6896551724137931,0.7011494252873564,0.7126436781609196,0.7126436781609196
Liver,2,0.7126436781609196,0.7931034482758621,0.7816091954022989,0.7931034482758621
Liver,3,0.7471264367816092,0.7471264367816092,0.6551724137931034,0.6551724137931034
Liver,4,0.7011494252873564,0.7241379310344828,0.7241379310344828,0.735632183908046
Liver,5,0.6781609195402298,0.735632183908046,0.735632183908046,0.7241379310344828
Liver,6,0.735632183908046,0.735632183908046,0.735632183908046,0.7011494252873564
Liver,7,0.6666666666666666,0.7126436781609196,0.7011494252873564,0.7471264367816092
Liver,8,0.6896551724137931,0.7586206896551724,0.7126436781609196,0.735632183908046
Liver,9,0.6781609195402298,0.5977011494252874,0.632183908045977,0.6206896551724138
Liver,10,0.6436781609195402,0.6666666666666666,0.7011494252873564,0.6781609195402298
Liver,11,0.5632183908045977,0.6551724137931034,0.7126436781609196,0.6551724137931034
Liver,12,0.6666666666666666,0.632183908045977,0.6551724137931034,0.6781609195402298
Liver,13,0.6091954022988506,0.6781609195402298,0.6436781609195402,0.6551724137931034
Liver,14,0.6666666666666666,0.7011494252873564,0.7011494252873564,0.6896551724137931
Liver,15,0.6436781609195402,0.6436781609195402,0.6551724137931034,0.6896551724137931
Liver,16,0.6666666666666666,0.6666666666666666,0.6551724137931034,0.7126436781609196
Liver,17,0.6896551724137931,0.6781609195402298,0.7011494252873564,0.6781609195402298
Liver,18,0.6896551724137931,0.6896551724137931,0.6896551724137931,0.735632183908046
Liver,19,0.6436781609195402,0.6551724137931034,0.6551724137931034,0.6436781609195402
Magic,0,0.7882229232386961,0.8132492113564669,0.8143007360672976,0.8119873817034701
Magic,1,0.7995793901156677,0.8166140904311251,0.8174553101997897,0.8176656151419558
Magic,2,0.7949526813880127,0.8180862250262881,0.819348054679285,0.8195583596214511
Magic,3,0.7960042060988434,0.8159831756046267,0.8182965299684543,0.8218717139852787
Magic,4,0.7911671924290221,0.813459516298633,0.8172450052576236,0.816403785488959
Magic,5,0.7932702418506835,0.8121976866456362,0.816403785488959,0.822502628811777
Magic,6,0.7970557308096741,0.814931650893796,0.8170347003154574,0.8191377497371188
Magic,7,0.7962145110410095,0.8187171398527865,0.8210304942166141,0.8210304942166141
Magic,8,0.7882229232386961,0.8109358569926394,0.8151419558359622,0.8151419558359622
Magic,9,0.7903259726603575,0.8166140904311251,0.8180862250262881,0.8182965299684543
Magic,10,0.7882229232386961,0.8191377497371188,0.8220820189274448,0.8239747634069401
Magic,11,0.7983175604626709,0.8239747634069401,0.822502628811777,0.825446898002103
Magic,12,0.7983175604626709,0.819348054679285,0.8189274447949527,0.822502628811777
Magic,13,0.7939011566771819,0.8126182965299684,0.8157728706624605,0.8159831756046267
Magic,14,0.7901156677181914,0.8115667718191377,0.8121976866456362,0.816403785488959
Magic,15,0.7913774973711882,0.8147213459516298,0.8180862250262881,0.8210304942166141
Magic,16,0.7888538380651945,0.8088328075709779,0.8128286014721346,0.8119873817034701
Magic,17,0.7932702418506835,0.814931650893796,0.8155625657202944,0.8166140904311251
Magic,18,0.7907465825446898,0.8132492113564669,0.8151419558359622,0.8124079915878023
Magic,19,0.7930599369085174,0.816403785488959,0.8187171398527865,0.8185068349106204
Mammographic,0,0.8269230769230769,0.8317307692307693,0.8269230769230769,0.8317307692307693
Mammographic,1,0.8028846153846154,0.7548076923076923,0.7548076923076923,0.75
Mammographic,2,0.7692307692307693,0.7596153846153846,0.7596153846153846,0.7596153846153846
Mammographic,3,0.8173076923076923,0.8413461538461539,0.8461538461538461,0.8365384615384616
Mammographic,4,0.8653846153846154,0.8413461538461539,0.8365384615384616,0.8509615384615384
Mammographic,5,0.7884615384615384,0.7980769230769231,0.7980769230769231,0.7836538461538461
Mammographic,6,0.8509615384615384,0.8509615384615384,0.8461538461538461,0.8413461538461539
Mammographic,7,0.8125,0.7884615384615384,0.8076923076923077,0.8269230769230769
Mammographic,8,0.8269230769230769,0.8076923076923077,0.8173076923076923,0.8125
Mammographic,9,0.7596153846153846,0.7740384615384616,0.7740384615384616,0.7788461538461539
Mammographic,10,0.8365384615384616,0.8317307692307693,0.8317307692307693,0.8317307692307693
Mammographic,11,0.7980769230769231,0.7980769230769231,0.8028846153846154,0.8221153846153846
Mammographic,12,0.8028846153846154,0.8317307692307693,0.8317307692307693,0.8509615384615384
Mammographic,13,0.7932692307692307,0.8076923076923077,0.8076923076923077,0.7980769230769231
Mammographic,14,0.8365384615384616,0.8413461538461539,0.8365384615384616,0.8413461538461539
Mammographic,15,0.7932692307692307,0.7884615384615384,0.7884615384615384,0.7836538461538461
Mammographic,16,0.8028846153846154,0.7932692307692307,0.7980769230769231,0.8028846153846154
Mammographic,17,0.7788461538461539,0.7884615384615384,0.7836538461538461,0.7836538461538461
Mammographic,18,0.8365384615384616,0.8509615384615384,0.8509615384615384,0.8413461538461539
Mammographic,19,0.8125,0.7932692307692307,0.8028846153846154,0.8125
Monk2,0,0.7407407407407407,0.8240740740740741,0.8240740740740741,0.8055555555555556
Monk2,1,0.7870370370370371,0.8518518518518519,0.8518518518518519,0.8796296296296297
Monk2,2,0.7407407407407407,0.8055555555555556,0.7870370370370371,0.8055555555555556
Monk2,3,0.7777777777777778,0.9074074074074074,0.9074074074074074,0.8981481481481481
Monk2,4,0.7870370370370371,0.8796296296296297,0.8888888888888888,0.9166666666666666
Monk2,5,0.75,0.8425925925925926,0.8333333333333334,0.8240740740740741
Monk2,6,0.7592592592592593,0.8240740740740741,0.8611111111111112,0.8703703703703703
Monk2,7,0.8518518518518519,0.8611111111111112,0.8611111111111112,0.8611111111111112
Monk2,8,0.7870370370370371,0.8425925925925926,0.8518518518518519,0.8518518518518519
Monk2,9,0.7962962962962963,0.8703703703703703,0.8518518518518519,0.8611111111111112
Monk2,10,0.8425925925925926,0.8981481481481481,0.8888888888888888,0.8796296296296297
Monk2,11,0.8240740740740741,0.8425925925925926,0.8518518518518519,0.8425925925925926
Monk2,12,0.7685185185185185,0.8333333333333334,0.8240740740740741,0.8333333333333334
Monk2,13,0.8055555555555556,0.8796296296296297,0.8703703703703703,0.8888888888888888
Monk2,14,0.8148148148148148,0.8703703703703703,0.8888888888888888,0.8518518518518519
Monk2,15,0.7962962962962963,0.8518518518518519,0.8425925925925926,0.8888888888888888
Monk2,16,0.7962962962962963,0.8796296296296297,0.9074074074074074,0.9166666666666666
Monk2,17,0.7962962962962963,0.8796296296296297,0.8888888888888888,0.8888888888888888
Monk2,18,0.7222222222222222,0.7777777777777778,0.7962962962962963,0.8148148148148148
Monk2,19,0.8240740740740741,0.8703703703703703,0.8611111111111112,0.8703703703703703
Pima,0,0.7708333333333334,0.765625,0.7708333333333334,0.765625
Pima,1,0.8072916666666666,0.8020833333333334,0.7760416666666666,0.796875
Pima,2,0.75,0.7239583333333334,0.7135416666666666,0.7291666666666666
Pima,3,0.796875,0.8020833333333334,0.8072916666666666,0.7864583333333334
Pima,4,0.7552083333333334,0.71875,0.7604166666666666,0.7395833333333334
Pima,5,0.78125,0.765625,0.765625,0.7708333333333334
Pima,6,0.7604166666666666,0.734375,0.734375,0.7552083333333334
Pima,7,0.7708333333333334,0.7447916666666666,0.7447916666666666,0.7395833333333334
Pima,8,0.75,0.7447916666666666,0.7447916666666666,0.7447916666666666
Pima,9,0.7864583333333334,0.75,0.7552083333333334,0.765625
Pima,10,0.7604166666666666,0.7447916666666666,0.75,0.7447916666666666
Pima,11,0.734375,0.734375,0.7395833333333334,0.7239583333333334
Pima,12,0.8020833333333334,0.7916666666666666,0.78125,0.7760416666666666
Pima,13,0.7760416666666666,0.765625,0.7552083333333334,0.7760416666666666
Pima,14,0.7760416666666666,0.78125,0.7760416666666666,0.7447916666666666
Pima,15,0.7708333333333334,0.7760416666666666,0.7760416666666666,0.7864583333333334
Pima,16,0.7604166666666666,0.71875,0.71875,0.703125
Pima,17,0.765625,0.7708333333333334,0.7708333333333334,0.765625
Pima,18,0.7760416666666666,0.7552083333333334,0.7760416666666666,0.78125
Pima,19,0.7604166666666666,0.78125,0.765625,0.7552083333333334
Sonar,0,0.7115384615384616,0.6923076923076923,0.75,0.75
Sonar,1,0.7692307692307693,0.8653846153846154,0.9038461538461539,0.7884615384615384
Sonar,2,0.7307692307692307,0.6923076923076923,0.6923076923076923,0.7692307692307693
Sonar,3,0.7884615384615384,0.7115384615384616,0.8269230769230769,0.8076923076923077
Sonar,4,0.8076923076923077,0.7884615384615384,0.8076923076923077,0.7692307692307693
Sonar,5,0.7692307692307693,0.75,0.7692307692307693,0.7884615384615384
Sonar,6,0.7884615384615384,0.7307692307692307,0.7884615384615384,0.7884615384615384
Sonar,7,0.7884615384615384,0.8461538461538461,0.8461538461538461,0.8269230769230769
Sonar,8,0.8461538461538461,0.7884615384615384,0.7884615384615384,0.7884615384615384
Sonar,9,0.6346153846153846,0.75,0.7115384615384616,0.6923076923076923
Sonar,10,0.8269230769230769,0.8076923076923077,0.7692307692307693,0.75
Sonar,11,0.8846153846153846,0.9038461538461539,0.9423076923076923,0.8846153846153846
Sonar,12,0.8076923076923077,0.7884615384615384,0.7307692307692307,0.7692307692307693
Sonar,13,0.8076923076923077,0.7692307692307693,0.75,0.75
Sonar,14,0.6923076923076923,0.7307692307692307,0.7307692307692307,0.7115384615384616
Sonar,15,0.7884615384615384,0.7692307692307693,0.7692307692307693,0.8076923076923077
Sonar,16,0.6730769230769231,0.7692307692307693,0.75,0.8076923076923077
Sonar,17,0.75,0.7307692307692307,0.7884615384615384,0.7692307692307693
Sonar,18,0.8269230769230769,0.7884615384615384,0.8461538461538461,0.8076923076923077
Sonar,19,0.8076923076923077,0.8076923076923077,0.8076923076923077,0.7692307692307693
Statlog,0,0.744,0.764,0.752,0.744
Statlog,1,0.736,0.74,0.72,0.744
Statlog,2,0.716,0.716,0.732,0.72
Statlog,3,0.8,0.792,0.78,0.788
Statlog,4,0.756,0.744,0.752,0.756
Statlog,5,0.764,0.752,0.756,0.74
Statlog,6,0.752,0.732,0.724,0.728
Statlog,7,0.792,0.752,0.74,0.76
Statlog,8,0.768,0.78,0.772,0.764
Statlog,9,0.76,0.756,0.76,0.776
Statlog,10,0.74,0.72,0.712,0.732
Statlog,11,0.728,0.748,0.716,0.764
Statlog,12,0.748,0.736,0.732,0.748
Statlog,13,0.748,0.752,0.772,0.784
Statlog,14,0.724,0.752,0.752,0.764
Statlog,15,0.72,0.72,0.704,0.68
Statlog,16,0.772,0.792,0.792,0.792
Statlog,17,0.736,0.772,0.792,0.76
Statlog,18,0.776,0.756,0.764,0.732
Statlog,19,0.752,0.748,0.76,0.756
Steel,0,0.7242798353909465,0.7407407407407407,0.7345679012345679,0.7263374485596708
Steel,1,0.6975308641975309,0.6893004115226338,0.6934156378600823,0.6831275720164609
Steel,2,0.7037037037037037,0.7139917695473251,0.7098765432098766,0.7181069958847737
Steel,3,0.6893004115226338,0.6975308641975309,0.7057613168724279,0.7078189300411523
Steel,4,0.6748971193415638,0.6810699588477366,0.6810699588477366,0.6748971193415638
Steel,5,0.6893004115226338,0.7345679012345679,0.7263374485596708,0.7263374485596708
Steel,6,0.6934156378600823,0.7160493827160493,0.720164609053498,0.7098765432098766
Steel,7,0.6831275720164609,0.6975308641975309,0.6934156378600823,0.6851851851851852
Steel,8,0.7119341563786008,0.7160493827160493,0.7304526748971193,0.7119341563786008
Steel,9,0.7366255144032922,0.7551440329218106,0.7366255144032922,0.7469135802469136
Steel,10,0.7098765432098766,0.7283950617283951,0.7263374485596708,0.720164609053498
Steel,11,0.7242798353909465,0.7263374485596708,0.7283950617283951,0.7181069958847737
Steel,12,0.6975308641975309,0.7037037037037037,0.7222222222222222,0.7242798353909465
Steel,13,0.6646090534979424,0.7098765432098766,0.6893004115226338,0.6893004115226338
Steel,14,0.6790123456790124,0.7078189300411523,0.6954732510288066,0.6934156378600823
Steel,15,0.691358024691358,0.6995884773662552,0.7325102880658436,0.7181069958847737
Steel,16,0.6995884773662552,0.7098765432098766,0.7098765432098766,0.7181069958847737
Steel,17,0.7098765432098766,0.6934156378600823,0.6934156378600823,0.7037037037037037
Steel,18,0.7160493827160493,0.7098765432098766,0.7263374485596708,0.7160493827160493
Steel,19,0.676954732510288,0.6995884773662552,0.6934156378600823,0.6851851851851852
Thyroid,0,0.9479768786127167,0.9653179190751445,0.9595375722543352,0.9595375722543352
Thyroid,1,0.9710982658959537,0.9710982658959537,0.976878612716763,0.9710982658959537
Thyroid,2,0.9826589595375722,0.9710982658959537,0.9826589595375722,0.976878612716763
Thyroid,3,0.9479768786127167,0.9421965317919075,0.9421965317919075,0.9421965317919075
Thyroid,4,0.953757225433526,0.953757225433526,0.9595375722543352,0.953757225433526
Thyroid,5,0.9653179190751445,0.976878612716763,0.9826589595375722,0.976878612716763
Thyroid,6,0.9479768786127167,0.9421965317919075,0.9421965317919075,0.9479768786127167
Thyroid,7,0.9653179190751445,0.953757225433526,0.953757225433526,0.9653179190751445
Thyroid,8,0.9710982658959537,0.976878612716763,0.9653179190751445,0.9653179190751445
Thyroid,9,0.9653179190751445,0.9595375722543352,0.9595375722543352,0.9595375722543352
Thyroid,10,0.9421965317919075,0.9421965317919075,0.9364161849710982,0.9479768786127167
Thyroid,11,0.9479768786127167,0.930635838150289,0.9364161849710982,0.9364161849710982
Thyroid,12,0.9710982658959537,0.976878612716763,0.9710982658959537,0.9710982658959537
Thyroid,13,0.9479768786127167,0.953757225433526,0.953757225433526,0.9421965317919075
Thyroid,14,0.9826589595375722,0.9942196531791907,0.9942196531791907,0.9942196531791907
Thyroid,15,0.9595375722543352,0.9595375722543352,0.9595375722543352,0.9653179190751445
Thyroid,16,0.9653179190751445,0.953757225433526,0.953757225433526,0.953757225433526
Thyroid,17,0.9479768786127167,0.953757225433526,0.953757225433526,0.953757225433526
Thyroid,18,0.9479768786127167,0.9479768786127167,0.9421965317919075,0.9364161849710982
Thyroid,19,0.976878612716763,0.9710982658959537,0.9710982658959537,0.9710982658959537
Transfusion,0,0.7593582887700535,0.7486631016042781,0.7433155080213903,0.7540106951871658
Transfusion,1,0.7647058823529411,0.7700534759358288,0.7807486631016043,0.7754010695187166
Transfusion,2,0.7647058823529411,0.7540106951871658,0.7486631016042781,0.7700534759358288
Transfusion,3,0.7593582887700535,0.7593582887700535,0.7700534759358288,0.7754010695187166
Transfusion,4,0.7593582887700535,0.7433155080213903,0.7540106951871658,0.7433155080213903
Transfusion,5,0.7540106951871658,0.7540106951871658,0.7486631016042781,0.7433155080213903
Transfusion,6,0.7593582887700535,0.7647058823529411,0.7700534759358288,0.7700534759358288
Transfusion,7,0.7593582887700535,0.7379679144385026,0.7433155080213903,0.7486631016042781
Transfusion,8,0.7593582887700535,0.7486631016042781,0.7433155080213903,0.7593582887700535
Transfusion,9,0.7593582887700535,0.7593582887700535,0.7647058823529411,0.7647058823529411
Transfusion,10,0.7647058823529411,0.7754010695187166,0.7754010695187166,0.7754010695187166
Transfusion,11,0.7593582887700535,0.7700534759358288,0.7647058823529411,0.7593582887700535
Transfusion,12,0.7647058823529411,0.732620320855615,0.732620320855615,0.732620320855615
Transfusion,13,0.7593582887700535,0.7593582887700535,0.7540106951871658,0.7647058823529411
Transfusion,14,0.7754010695187166,0.7807486631016043,0.7754010695187166,0.7807486631016043
Transfusion,15,0.7647058823529411,0.7647058823529411,0.7486631016042781,0.7540106951871658
Transfusion,16,0.7593582887700535,0.7647058823529411,0.7647058823529411,0.7486631016042781
Transfusion,17,0.7647058823529411,0.7433155080213903,0.732620320855615,0.7540106951871658
Transfusion,18,0.7593582887700535,0.7700534759358288,0.7486631016042781,0.7486631016042781
Transfusion,19,0.7593582887700535,0.7647058823529411,0.7486631016042781,0.7486631016042781
Vehicle,0,0.7311320754716981,0.75,0.7735849056603774,0.7452830188679245
Vehicle,1,0.7641509433962265,0.8066037735849056,0.7971698113207547,0.7971698113207547
Vehicle,2,0.7641509433962265,0.7688679245283019,0.7452830188679245,0.7405660377358491
Vehicle,3,0.7452830188679245,0.7405660377358491,0.7641509433962265,0.7452830188679245
Vehicle,4,0.7405660377358491,0.75,0.7311320754716981,0.75
Vehicle,5,0.7641509433962265,0.7641509433962265,0.7452830188679245,0.7452830188679245
Vehicle,6,0.7735849056603774,0.7358490566037735,0.7452830188679245,0.7783018867924528
Vehicle,7,0.7594339622641509,0.7358490566037735,0.7311320754716981,0.7547169811320755
Vehicle,8,0.7358490566037735,0.7452830188679245,0.7311320754716981,0.7452830188679245
Vehicle,9,0.75,0.7594339622641509,0.7405660377358491,0.7358490566037735
Vehicle,10,0.75,0.75,0.7169811320754716,0.7216981132075472
Vehicle,11,0.75,0.75,0.7877358490566038,0.7594339622641509
Vehicle,12,0.75,0.7971698113207547,0.7924528301886793,0.7547169811320755
Vehicle,13,0.7830188679245284,0.7877358490566038,0.8018867924528302,0.7783018867924528
Vehicle,14,0.7169811320754716,0.7075471698113207,0.7264150943396226,0.7452830188679245
Vehicle,15,0.7830188679245284,0.7547169811320755,0.7641509433962265,0.8018867924528302
Vehicle,16,0.7075471698113207,0.7264150943396226,0.7216981132075472,0.7075471698113207
Vehicle,17,0.7358490566037735,0.7594339622641509,0.7311320754716981,0.7783018867924528
Vehicle,18,0.7547169811320755,0.7971698113207547,0.7830188679245284,0.7783018867924528
Vehicle,19,0.7216981132075472,0.7311320754716981,0.7594339622641509,0.7264150943396226
Vertebral,0,0.8589743589743589,0.8589743589743589,0.8589743589743589,0.8589743589743589
Vertebral,1,0.8461538461538461,0.8717948717948718,0.8589743589743589,0.8589743589743589
Vertebral,2,0.8333333333333334,0.8076923076923077,0.8076923076923077,0.8461538461538461
Vertebral,3,0.7307692307692307,0.7948717948717948,0.7948717948717948,0.8461538461538461
Vertebral,4,0.8846153846153846,0.8846153846153846,0.8974358974358975,0.8717948717948718
Vertebral,5,0.8846153846153846,0.9487179487179487,0.9230769230769231,0.8846153846153846
Vertebral,6,0.8461538461538461,0.8589743589743589,0.8846153846153846,0.8846153846153846
Vertebral,7,0.8974358974358975,0.9358974358974359,0.9102564102564102,0.8974358974358975
Vertebral,8,0.7564102564102564,0.8461538461538461,0.8333333333333334,0.8076923076923077
Vertebral,9,0.8974358974358975,0.8846153846153846,0.8717948717948718,0.8717948717948718
Vertebral,10,0.7435897435897436,0.782051282051282,0.782051282051282,0.7948717948717948
Vertebral,11,0.8205128205128205,0.8205128205128205,0.8205128205128205,0.8205128205128205
Vertebral,12,0.9102564102564102,0.8717948717948718,0.8974358974358975,0.9102564102564102
Vertebral,13,0.8589743589743589,0.8333333333333334,0.8205128205128205,0.8333333333333334
Vertebral,14,0.782051282051282,0.8333333333333334,0.8205128205128205,0.8205128205128205
Vertebral,15,0.8205128205128205,0.8717948717948718,0.8717948717948718,0.8589743589743589
Vertebral,16,0.8461538461538461,0.8333333333333334,0.8205128205128205,0.8333333333333334
Vertebral,17,0.7948717948717948,0.8205128205128205,0.7948717948717948,0.8205128205128205
Vertebral,18,0.8333333333333334,0.8846153846153846,0.8589743589743589,0.8461538461538461
Vertebral,19,0.8076923076923077,0.8205128205128205,0.8205128205128205,0.8076923076923077
Voice3,0,0.75,0.7833333333333333,0.7833333333333333,0.7666666666666667
Voice3,1,0.7666666666666667,0.8,0.7833333333333333,0.7666666666666667
Voice3,2,0.8166666666666667,0.8,0.7833333333333333,0.7833333333333333
Voice3,3,0.7666666666666667,0.75,0.75,0.7
Voice3,4,0.7833333333333333,0.7833333333333333,0.7666666666666667,0.8
Voice3,5,0.8,0.8,0.7833333333333333,0.7666666666666667
Voice3,6,0.8,0.8333333333333334,0.8333333333333334,0.8333333333333334
Voice3,7,0.8,0.7333333333333333,0.7833333333333333,0.8
Voice3,8,0.7166666666666667,0.7333333333333333,0.7333333333333333,0.7333333333333333
Voice3,9,0.8,0.7666666666666667,0.7666666666666667,0.7666666666666667
Voice3,10,0.7666666666666667,0.7333333333333333,0.7333333333333333,0.7333333333333333
Voice3,11,0.7833333333333333,0.8,0.8,0.8166666666666667
Voice3,12,0.7833333333333333,0.8166666666666667,0.8333333333333334,0.8333333333333334
Voice3,13,0.85,0.7666666666666667,0.7666666666666667,0.8
Voice3,14,0.7333333333333333,0.7333333333333333,0.75,0.75
Voice3,15,0.8,0.7666666666666667,0.8166666666666667,0.7666666666666667
Voice3,16,0.7833333333333333,0.8666666666666667,0.8666666666666667,0.8333333333333334
Voice3,17,0.8,0.8,0.7833333333333333,0.8
Voice3,18,0.7833333333333333,0.7666666666666667,0.7833333333333333,0.7666666666666667
Voice3,19,0.8,0.7666666666666667,0.75,0.7666666666666667
WDVG1,0,0.8616,0.8512,0.8496,0.8552
WDVG1,1,0.8768,0.8688,0.868,0.8728
WDVG1,2,0.868,0.8608,0.8648,0.8696
WDVG1,3,0.8568,0.8576,0.856,0.8552
WDVG1,4,0.868,0.868,0.8712,0.8648
WDVG1,5,0.868,0.868,0.868,0.8752
WDVG1,6,0.8624,0.8624,0.8656,0.8736
WDVG1,7,0.8672,0.8608,0.8576,0.8592
WDVG1,8,0.8768,0.876,0.868,0.8744
WDVG1,9,0.8664,0.8528,0.8528,0.8616
WDVG1,10,0.8624,0.868,0.8664,0.864
WDVG1,11,0.8704,0.8624,0.86,0.8552
WDVG1,12,0.864,0.872,0.864,0.8688
WDVG1,13,0.8784,0.8712,0.868,0.8712
WDVG1,14,0.8656,0.856,0.8624,0.86
WDVG1,15,0.8632,0.8704,0.868,0.8672
WDVG1,16,0.8624,0.8584,0.8648,0.8592
WDVG1,17,0.86,0.8576,0.856,0.8536
WDVG1,18,0.8664,0.8672,0.8672,0.876
WDVG1,19,0.868,0.8568,0.8592,0.8624
Weaning,0,0.8289473684210527,0.8552631578947368,0.8421052631578947,0.8421052631578947
Weaning,1,0.8026315789473685,0.7631578947368421,0.7631578947368421,0.8026315789473685
Weaning,2,0.8026315789473685,0.8289473684210527,0.8026315789473685,0.7763157894736842
Weaning,3,0.7763157894736842,0.7236842105263158,0.7631578947368421,0.7763157894736842
Weaning,4,0.7631578947368421,0.8026315789473685,0.7763157894736842,0.7894736842105263
Weaning,5,0.8421052631578947,0.8552631578947368,0.8289473684210527,0.8552631578947368
Weaning,6,0.8289473684210527,0.8157894736842105,0.8157894736842105,0.8421052631578947
Weaning,7,0.7105263157894737,0.7894736842105263,0.7763157894736842,0.7236842105263158
Weaning,8,0.7631578947368421,0.8157894736842105,0.8026315789473685,0.7763157894736842
Weaning,9,0.8289473684210527,0.75,0.7763157894736842,0.7894736842105263
Weaning,10,0.7894736842105263,0.7368421052631579,0.7631578947368421,0.7763157894736842
Weaning,11,0.8157894736842105,0.7894736842105263,0.8026315789473685,0.8157894736842105
Weaning,12,0.8026315789473685,0.8289473684210527,0.8289473684210527,0.8157894736842105
Weaning,13,0.7631578947368421,0.8026315789473685,0.7763157894736842,0.7631578947368421
Weaning,14,0.8026315789473685,0.8157894736842105,0.8157894736842105,0.8157894736842105
Weaning,15,0.8289473684210527,0.881578947368421,0.881578947368421,0.868421052631579
Weaning,16,0.9078947368421053,0.9078947368421053,0.9210526315789473,0.8947368421052632
Weaning,17,0.7894736842105263,0.8157894736842105,0.8157894736842105,0.8289473684210527
Weaning,18,0.8552631578947368,0.9078947368421053,0.9342105263157895,0.868421052631579
Weaning,19,0.8026315789473685,0.8157894736842105,0.8421052631578947,0.8552631578947368
Wine,0,1.0,1.0,1.0,1.0
Wine,1,1.0,1.0,1.0,1.0
Wine,2,0.9777777777777777,0.9777777777777777,0.9777777777777777,0.9777777777777777
Wine,3,0.9555555555555556,0.9555555555555556,0.9555555555555556,0.9555555555555556
Wine,4,0.9777777777777777,0.9777777777777777,0.9777777777777777,0.9777777777777777
Wine,5,0.9555555555555556,0.9555555555555556,0.9555555555555556,0.9555555555555556
Wine,6,0.9777777777777777,0.9555555555555556,0.9555555555555556,0.9555555555555556
Wine,7,0.9777777777777777,0.9777777777777777,0.9777777777777777,0.9777777777777777
Wine,8,1.0,1.0,1.0,1.0
Wine,9,0.9777777777777777,0.9555555555555556,0.9555555555555556,0.9777777777777777
Wine,10,1.0,1.0,1.0,1.0
Wine,11,0.9777777777777777,0.9777777777777777,0.9777777777777777,0.9777777777777777
Wine,12,0.9777777777777777,0.9777777777777777,0.9777777777777777,0.9777777777777777
Wine,13,1.0,1.0,1.0,1.0
Wine,14,0.9555555555555556,0.9555555555555556,0.9555555555555556,0.9333333333333333
Wine,15,0.9555555555555556,0.9777777777777777,0.9555555555555556,0.9333333333333333
Wine,16,0.9555555555555556,0.9777777777777777,0.9777777777777777,0.9777777777777777
Wine,17,1.0,1.0,0.9777777777777777,0.9777777777777777
Wine,18,1.0,0.9777777777777777,0.9777777777777777,0.9777777777777777
Wine,19,0.9777777777777777,0.9777777777777777,0.9777777777777777,0.9777777777777777
