Dataset,n,acc,AUC_confound,AUC_fitness_only,AUC_full,dAUC,fitness_coef_z,fitness_p
Adult,3460,0.8644508670520231,0.8002236988149951,0.7476223981111778,0.7987337991230266,-0.0014898996919685548,0.05939789576603144,0.4879860184746484
Banknote,6860,0.9940233236151603,0.9523390526470158,0.9783853579846841,0.9793761334005772,0.02703708075356137,0.686730834309136,1.5995342848377802e-10
Blood,3740,0.7754010695187166,0.7172370689655172,0.6292286535303777,0.7168793103448275,-0.00035775862068965214,0.011257676776974913,0.8187893666615527
Breast,2860,0.9664335664335665,0.8962987668837434,0.7593124397009166,0.8934929751567776,-0.002805791726965823,0.25550600709240784,0.017079252713120163
Cardiotocography,10640,0.7637218045112782,0.7945138286388741,0.6674007786276253,0.7951863852360329,0.0006725565971588132,-0.0924949627929294,0.007892666482306068
Faults,9720,0.692283950617284,0.729033039575456,0.6939310028962402,0.7294859761331849,0.0004529365577289335,0.15261363384054064,2.177675727376387e-06
German,5000,0.7456,0.7167354559748427,0.6633075468324021,0.7160058085000134,-0.0007296474748292869,0.12586790957363786,0.009542626999462907
Glass,1080,0.6472222222222223,0.6029536007569869,0.48370187632125383,0.5995629301702095,-0.0033906705867774445,0.0069429880845156425,0.9214117870638809
Haberman,1540,0.7337662337662337,0.6723634793870064,0.6663047701273472,0.6863134038420031,0.013949924454996765,0.4894966620721581,2.2464030675544929e-07
Heart,1360,0.8286764705882353,0.7320509842302287,0.7134974161338355,0.7362019261893971,0.004150941959168319,0.28180994985374996,0.011182025216586663
ILPD,2920,0.7078767123287671,0.7344813348374586,0.6034900017071709,0.7314699648526983,-0.0030113699847602593,-0.026412194388611015,0.7119336315291676
Ionosphere,1760,0.8857954545454545,0.7434508024342688,0.698010907617142,0.746622883019157,0.0031720805848882705,0.3649508092959145,0.0004924311172675548
Iris,760,0.9368421052631579,0.8699087078651686,0.7912277621722846,0.8668948970037453,-0.0030138108614232717,0.03359719688338587,0.8989535353747496
Laryngeal3,1780,0.7146067415730337,0.6353563115931263,0.6512869558757985,0.6456692913385826,0.010312979745456308,0.3291653469032465,4.737809909702273e-05
Liver,1740,0.6908045977011494,0.5906350320717021,0.5366597801681212,0.5900760195213678,-0.0005590125503343035,-0.04870642285735322,0.46569171904487494
Magic,95100,0.8164143007360672,0.7659731919316454,0.629440267933214,0.766386936927632,0.0004137449959866757,-0.17822369381766434,1.8710369585342582e-51
Mammographic,4160,0.8060096153846154,0.7409950437400747,0.6594967018013793,0.7412899580209108,0.0002949142808360561,0.06053719468273398,0.2399471337070237
Monk2,2160,0.8638888888888889,0.7571271809902954,0.7295808998840694,0.7633447805703202,0.0062175995800247685,0.34125139332108406,0.003200258746712891
Pima,3840,0.75859375,0.7387865503410482,0.6727725395698559,0.7391994596258042,0.0004129092847560134,-0.06379842602733475,0.24783113398476797
Sonar,1040,0.7865384615384615,0.7205004515517963,0.6447168439833476,0.7216183175840878,0.0011178660322914702,0.20624640528054394,0.03215573868478197
Statlog,5000,0.7528,0.7165370104791088,0.6649165660713487,0.715887654805017,-0.000649355674091745,0.02284631396246908,0.6635415853873146
Steel,9720,0.7078189300411523,0.7241680314444808,0.6969836533737308,0.7260431338028169,0.0018751023583361004,0.15539490336232042,3.37595527481832e-07
Thyroid,3460,0.9589595375722544,0.9366536773382913,0.7407801237806587,0.9427832819703028,0.006129604632011509,-0.48704497037433525,0.00011151022483066971
Transfusion,3740,0.758288770053476,0.622029149556274,0.6040421742576482,0.6294105417701611,0.007381392213887117,0.24362519814344,0.0002648141894585068
Vehicle,4240,0.7483490566037736,0.7806247121994357,0.6956510694883109,0.7822392013683874,0.0016144891689516827,0.18871744896189904,0.00041099198748145195
Vertebral,1560,0.842948717948718,0.7707426088306045,0.6682641421587646,0.7735671607045861,0.0028245518739815623,-0.29707939512647147,0.011122463598131014
Voice3,1200,0.7791666666666667,0.7304005650287559,0.6613056200181617,0.7292543638381596,-0.0011462011905963854,-0.14997351347725152,0.1598463295153466
WDVG1,25000,0.86292,0.8602237628818492,0.7939480489768584,0.8605306855662109,0.0003069226843617212,0.08279397969506053,0.005166768012887031
Weaning,1520,0.8125,0.7645486185098374,0.6953221109453797,0.7683642304140919,0.003815611904254501,0.28030251857714056,0.0016285209558779723
Wine,900,0.9811111111111112,0.9483045766437944,0.9325161548197989,0.9517687029511691,0.003464126307374693,0.8495529741909329,0.01638296232942382
