Dataset,N_Queries,Mean_RoC_Size,Median_RoC_Size,Mean_RoC_Fitness,Top1_Accuracy,Top3_Accuracy,Top5_Accuracy,Top7_Accuracy
Adult,3460,8.321676300578035,8.0,0.5065699284043811,0.8578034682080925,0.8644508670520231,0.8679190751445087,0.8682080924855491
Banknote,6860,8.331195335276968,8.0,0.6409658670929954,0.9931486880466472,0.9940233236151603,0.9941690962099126,0.9938775510204082
Blood,3740,8.33235294117647,8.0,0.6239426483453913,0.7756684491978609,0.7754010695187166,0.7780748663101604,0.779144385026738
Breast,2860,8.345454545454546,8.0,0.5508180886417776,0.9653846153846154,0.9664335664335665,0.9681818181818181,0.9674825174825175
Cardiotocography,10640,8.34031954887218,8.0,0.4585230319138497,0.7551691729323309,0.7637218045112782,0.7659774436090225,0.7656015037593985
Faults,9720,8.334053497942387,8.0,0.4386392380962441,0.6839506172839506,0.692283950617284,0.6943415637860082,0.6988683127572016
German,5000,8.3108,8.0,0.36345049973124155,0.7348,0.7456,0.7512,0.751
Glass,1080,8.32037037037037,8.0,0.42952427740371524,0.6324074074074074,0.6472222222222223,0.6435185185185185,0.6527777777777778
Haberman,1540,8.349350649350649,8.0,0.5905189619181448,0.7259740259740259,0.7337662337662337,0.7344155844155844,0.7298701298701299
Heart,1360,8.331617647058824,8.0,0.40861676830978877,0.8205882352941176,0.8286764705882353,0.8286764705882353,0.8345588235294118
ILPD,2920,8.33458904109589,8.0,0.5635556468313417,0.7037671232876712,0.7078767123287671,0.7078767123287671,0.708904109589041
Ionosphere,1760,8.321022727272727,8.0,0.3952368858044465,0.8738636363636364,0.8857954545454545,0.8869318181818182,0.8823863636363637
Iris,760,8.43421052631579,8.0,0.5295074644769637,0.9263157894736842,0.9368421052631579,0.9355263157894737,0.9355263157894737
Laryngeal3,1780,8.360674157303372,8.0,0.5216352756536204,0.7056179775280899,0.7146067415730337,0.7219101123595506,0.7224719101123596
Liver,1740,8.344252873563219,8.0,0.5066459934996583,0.6695402298850575,0.6908045977011494,0.7,0.7022988505747126
Magic,95100,8.291282860147213,8.0,0.6278378874249793,0.81534174553102,0.8164143007360672,0.814794952681388,0.813459516298633
Mammographic,4160,8.31201923076923,8.0,0.6075715321024898,0.8050480769230769,0.8060096153846154,0.8100961538461539,0.8103365384615384
Monk2,2160,8.352777777777778,8.0,0.4382393304444981,0.8495370370370371,0.8638888888888889,0.8638888888888889,0.8634259259259259
Pima,3840,8.346875,8.0,0.5453156688847682,0.75,0.75859375,0.7614583333333333,0.7630208333333334
Sonar,1040,8.363461538461538,8.0,0.22959181898398773,0.7596153846153846,0.7865384615384615,0.7865384615384615,0.7865384615384615
Statlog,5000,8.3084,8.0,0.4006037650239809,0.7416,0.7528,0.7518,0.7528
Steel,9720,8.320781893004115,8.0,0.45143879935456777,0.6993827160493827,0.7078189300411523,0.7124485596707819,0.7123456790123457
Thyroid,3460,8.269942196531792,8.0,0.5930946736933541,0.9606936416184971,0.9589595375722544,0.9586705202312139,0.958092485549133
Transfusion,3740,8.30668449197861,8.0,0.6240657549782471,0.7518716577540107,0.758288770053476,0.7572192513368984,0.759090909090909
Vehicle,4240,8.342688679245283,8.0,0.4325980591278621,0.744811320754717,0.7483490566037736,0.7540094339622642,0.7554245283018868
Vertebral,1560,8.326282051282051,8.0,0.5587028028921062,0.8320512820512821,0.842948717948718,0.8448717948717949,0.8487179487179487
Voice3,1200,8.3125,8.0,0.49025966937556137,0.7766666666666666,0.7791666666666667,0.78,0.7816666666666666
WDVG1,25000,8.34476,8.0,0.5391049798942705,0.85792,0.86292,0.86388,0.86548
Weaning,1520,8.365131578947368,8.0,0.43004645434822686,0.8072368421052631,0.8125,0.8203947368421053,0.8197368421052632
Wine,900,8.426666666666666,8.0,0.4885314556509321,0.9688888888888889,0.9811111111111112,0.98,0.98
