Dataset,TopK,N_Queries,Spearman_Fitness_Correct,P_Value
Adult,1,3460,0.3034201877439514,1.3393160733174369e-74
Adult,3,3460,0.29563842096690085,9.630511246171276e-71
Adult,5,3460,0.2896170155381037,7.701517824576121e-68
Adult,7,3460,0.29303881249305613,1.76026136364276e-69
Banknote,1,6860,0.13773170352331568,2.0898265302254283e-30
Banknote,3,6860,0.12817900971046178,1.5914609403939606e-26
Banknote,5,6860,0.12656892870593345,6.73101790639171e-26
Banknote,7,6860,0.1298450774374375,3.5096332822444264e-27
Blood,1,3740,0.18286255395639078,1.7535345695876778e-29
Blood,3,3740,0.1896620207486017,1.2542171620806741e-31
Blood,5,3740,0.18380725694925412,8.928216220505407e-30
Blood,7,3740,0.17950139969804696,1.8793918257779256e-28
Breast,1,2860,0.16468298443510168,7.732696172639e-19
Breast,3,2860,0.16645545331568748,3.2305169704214435e-19
Breast,5,2860,0.15459923263629421,9.235394243406302e-17
Breast,7,2860,0.15914096028940508,1.1132268799747035e-17
Cardiotocography,1,10640,0.2508756785520934,2.102184402373194e-152
Cardiotocography,3,10640,0.24668053796686468,2.9501019837222503e-147
Cardiotocography,5,10640,0.24085268583579028,2.872615932433278e-140
Cardiotocography,7,10640,0.2395792293880997,9.128631326224739e-139
Faults,1,9720,0.3079176377507862,1.622132411424437e-212
Faults,3,9720,0.31059176277173856,2.2230734878715516e-216
Faults,5,9720,0.3069050465631301,4.596012929999205e-211
Faults,7,9720,0.3031324701067057,1.0531131333899494e-205
German,1,5000,0.2582782430414363,5.169778480881305e-77
German,3,5000,0.24691934972097093,2.429914062346315e-70
German,5,5000,0.2320351708335973,4.1742691660768045e-62
German,7,5000,0.2355268790914896,5.493434957886599e-64
Glass,1,1080,0.017472064987270337,0.5662591548942827
Glass,3,1080,0.03328012132695835,0.2745112426582009
Glass,5,1080,0.03217879691984441,0.29071601712796963
Glass,7,1080,0.03967161065062089,0.19266174805778738
Haberman,1,1540,0.2712567336366396,2.22200129232246e-27
Haberman,3,1540,0.2712870726654119,2.1916067008193728e-27
Haberman,5,1540,0.2705244039291552,3.0967050351913023e-27
Haberman,7,1540,0.28007137121692305,3.7717315336736195e-29
Heart,1,1360,0.281717302693057,3.144009524655603e-26
Heart,3,1360,0.28480001450973114,8.568841159450343e-27
Heart,5,1360,0.29426907505690314,1.4256992285772504e-28
Heart,7,1360,0.2876918672131203,2.493647162767427e-27
ILPD,1,2920,0.16098003130997948,2.0905414196945976e-18
ILPD,3,2920,0.1683155913282137,5.34696020773339e-20
ILPD,5,2920,0.17532369678084028,1.3752463052861589e-21
ILPD,7,2920,0.1895143361981048,5.147834698092974e-25
Ionosphere,1,1760,0.2393044507254251,2.4225697008797423e-24
Ionosphere,3,1760,0.22500181226332427,1.2307308476021048e-21
Ionosphere,5,1760,0.2212173152093429,5.967631129248447e-21
Ionosphere,7,1760,0.2322744283715447,5.458324799422577e-23
Iris,1,760,0.26045928429540943,2.990552446383223e-13
Iris,3,760,0.2483318982440493,3.816161498811903e-12
Iris,5,760,0.2555424466941112,8.533169299901893e-13
Iris,7,760,0.2482408850751577,3.887831040267708e-12
Laryngeal3,1,1780,0.23939237024224214,1.2833935663135278e-24
Laryngeal3,3,1780,0.24360613573648718,1.8470071850567904e-25
Laryngeal3,5,1780,0.23581243686117795,6.4698405226879065e-24
Laryngeal3,7,1780,0.23207328200213156,3.406192183622793e-23
Liver,1,1740,0.06846505474083348,0.004273903275947661
Liver,3,1740,0.06783914048050353,0.0046399373486547555
Liver,5,1740,0.06281432013690232,0.00876983745029333
Liver,7,1740,0.06326087757299444,0.008301173018092167
Magic,1,95100,0.18408994315678354,0.0
Magic,3,95100,0.1777122889170854,0.0
Magic,5,95100,0.17888173980071817,0.0
Magic,7,95100,0.18123065803846458,0.0
Mammographic,1,4160,0.21345946311827618,4.50533312080295e-44
Mammographic,3,4160,0.22200379601752646,1.2886614884032977e-47
Mammographic,5,4160,0.209703658406169,1.4574861644647724e-42
Mammographic,7,4160,0.20834430504527193,5.045857921666721e-42
Monk2,1,2160,0.30531366110970604,7.845360261100843e-48
Monk2,3,2160,0.27571821483969616,5.516089393544771e-39
Monk2,5,2160,0.2574132172093361,4.948509060743789e-34
Monk2,7,2160,0.2556951737727136,1.3789329884461803e-33
Pima,1,3840,0.2817811510478094,5.131917438952696e-71
Pima,3,3840,0.2631187209961058,7.85982621952926e-62
Pima,5,3840,0.25962619580644436,3.422197031219372e-60
Pima,7,3840,0.2589404274383276,7.131492743285237e-60
Sonar,1,1040,0.21456049997590354,2.697604154679965e-12
Sonar,3,1040,0.21457461187832857,2.688560885179008e-12
Sonar,5,1040,0.20556235311773874,2.1891839607630063e-11
Sonar,7,1040,0.22714331273438107,1.2305259076173266e-13
Statlog,1,5000,0.2559662960146393,1.2560950044025836e-75
Statlog,3,5000,0.2478548246962373,7.061246858790302e-71
Statlog,5,5000,0.25305971063271454,6.620780882071553e-74
Statlog,7,5000,0.2576378619636601,1.2550746839830012e-76
Steel,1,9720,0.31785948668030994,4.390429529025813e-227
Steel,3,9720,0.31151355889930454,1.0137221240540926e-217
Steel,5,9720,0.3037356878759245,1.481741756647508e-206
Steel,7,9720,0.3070577292082886,2.778226960516364e-211
Thyroid,1,3460,0.1638481271256141,3.0157487045273465e-22
Thyroid,3,3460,0.17233199089443013,1.7945436423316265e-24
Thyroid,5,3460,0.17720489407528967,8.371250086450272e-26
Thyroid,7,3460,0.18070319756589068,8.773341682940431e-27
Transfusion,1,3740,0.164115178520105,5.4259138965740916e-24
Transfusion,3,3740,0.156915796952441,4.777741466192267e-22
Transfusion,5,3740,0.1560293601651601,8.174342317230135e-22
Transfusion,7,3740,0.14905575313858807,5.011422637762854e-20
Vehicle,1,4240,0.2987779677906195,3.633654371700024e-88
Vehicle,3,4240,0.29515437073664536,5.4671507766579565e-86
Vehicle,5,4240,0.2893243282738872,1.4965412753366025e-82
Vehicle,7,4240,0.28300431953889016,6.461036349765685e-79
Vertebral,1,1560,0.24025534966152134,6.39345827220269e-22
Vertebral,3,1560,0.2183648821870912,2.702401315073446e-18
Vertebral,5,1560,0.21280144013512647,1.966847983668699e-17
Vertebral,7,1560,0.20229264876135428,7.201277286031086e-16
Voice3,1,1200,0.25112141779576663,1.028791584586976e-18
Voice3,3,1200,0.24219037226122503,1.7703385510856702e-17
Voice3,5,1200,0.237092113869217,8.539605194021892e-17
Voice3,7,1200,0.2434364973944523,1.1983892515185985e-17
WDVG1,1,25000,0.3590786833939312,0.0
WDVG1,3,25000,0.3503703807347386,0.0
WDVG1,5,25000,0.34797288347520217,0.0
WDVG1,7,25000,0.3435564578800843,0.0
Weaning,1,1520,0.2688386002483278,1.4114087272823814e-26
Weaning,3,1520,0.26795213650208927,2.089733913905234e-26
Weaning,5,1520,0.2569778940963678,2.3844118760296023e-24
Weaning,7,1520,0.25740517796299384,1.991100935413996e-24
Wine,1,900,0.2367690249489386,6.211531823398562e-13
Wine,3,900,0.2050958995332623,5.282920250201498e-10
Wine,5,900,0.2123978253783525,1.221319138986057e-10
Wine,7,900,0.2124894683347936,1.1986666177727647e-10
