Query_Index,True_Label,Top1_Prediction,Top1_Correct,Top3_Prediction,Top3_Correct,Top5_Prediction,Top5_Correct,Top7_Prediction,Top7_Correct,RoC_Size,RoC_Fitness
0,1,1,1,1,1,1,1,1,1,9,0.51213416722923
1,0,0,1,0,1,0,1,0,1,7,0.5719092875385972
2,1,1,1,1,1,1,1,1,1,8,0.4793520022248156
3,0,0,1,0,1,0,1,0,1,9,0.4897831897575004
4,1,1,1,1,1,1,1,1,1,9,0.5538175617628953
5,1,1,1,1,1,1,1,1,1,8,0.5304645453617698
6,0,1,0,1,0,1,0,1,0,10,0.5224448245076548
7,0,0,1,0,1,0,1,0,1,7,0.486014174374666
8,0,0,1,0,1,0,1,0,1,8,0.6077854319514929
9,1,1,1,1,1,1,1,1,1,8,0.3926136771049412
10,1,1,1,1,1,1,1,1,1,9,0.5377116697647462
11,0,0,1,0,1,0,1,0,1,8,0.3738276194803049
12,1,1,1,1,1,1,1,1,1,10,0.5770463169012405
13,0,0,1,0,1,0,1,0,1,9,0.3364811200717005
14,0,0,1,0,1,0,1,0,1,10,0.5785213007339207
15,0,0,1,0,1,0,1,0,1,8,0.5204087965847514
16,0,0,1,0,1,0,1,0,1,9,0.5689289435094653
17,1,1,1,1,1,1,1,1,1,8,0.3359251985324811
18,0,0,1,0,1,0,1,0,1,9,0.606843835596474
19,1,1,1,1,1,1,1,0,0,9,0.3214221440802884
20,0,0,1,0,1,0,1,0,1,8,0.57261422705535
21,1,1,1,1,1,1,1,1,1,9,0.5497484705081085
22,1,0,0,0,0,0,0,0,0,10,0.3173354789714778
23,0,0,1,0,1,0,1,0,1,7,0.5141132172928478
24,0,0,1,0,1,0,1,0,1,9,0.5785279693481853
25,1,1,1,1,1,1,1,1,1,10,0.4043626530939249
26,0,0,1,0,1,0,1,0,1,8,0.4242167992622121
27,0,0,1,0,1,0,1,0,1,8,0.5557155532008677
28,0,0,1,0,1,0,1,0,1,10,0.5500077443512735
29,1,1,1,1,1,1,1,1,1,10,0.5632337253351828
30,0,0,1,0,1,0,1,0,1,8,0.2536092930981825
31,0,0,1,0,1,0,1,0,1,6,0.5083534591068382
32,0,0,1,0,1,0,1,0,1,8,0.5924221582728427
33,0,0,1,0,1,0,1,0,1,10,0.5994312356805152
34,1,1,1,1,1,1,1,1,1,7,0.5293893904757067
35,0,0,1,0,1,0,1,0,1,10,0.5659636927264803
36,1,1,1,1,1,1,1,1,1,8,0.481656324842533
37,0,0,1,0,1,0,1,0,1,7,0.5768358348981768
38,0,0,1,0,1,0,1,0,1,8,0.4301547174602042
39,0,0,1,0,1,0,1,0,1,8,0.596318056491419
40,0,0,1,0,1,0,1,0,1,6,0.6084698772205481
41,0,1,0,1,0,1,0,1,0,7,0.3892053858204948
42,0,0,1,0,1,0,1,0,1,8,0.573755617302977
43,1,1,1,1,1,1,1,1,1,8,0.5627897547081124
44,0,0,1,0,1,0,1,0,1,9,0.5976020254178974
45,1,0,0,0,0,0,0,0,0,8,0.4853170003126422
46,1,1,1,1,1,1,1,1,1,10,0.582893915023442
47,0,1,0,0,1,0,1,0,1,9,0.4157581280915614
48,0,0,1,0,1,0,1,0,1,8,0.612933947650282
49,1,0,0,0,0,0,0,0,0,9,0.499268255116535
50,1,0,0,0,0,0,0,0,0,10,0.5624868463121051
51,0,0,1,0,1,0,1,0,1,9,0.3501466703964346
52,1,1,1,1,1,1,1,1,1,9,0.3191211293506054
53,0,0,1,0,1,0,1,0,1,9,0.492908639716569
54,1,1,1,1,1,1,1,1,1,9,0.5549619054500272
55,0,0,1,1,0,1,0,1,0,7,0.5261966450355591
56,1,1,1,1,1,1,1,1,1,10,0.5194561702957454
57,1,1,1,1,1,1,1,1,1,8,0.392682921930097
58,0,0,1,0,1,0,1,0,1,7,0.6050542086457016
59,1,1,1,1,1,1,1,1,1,9,0.5278222217440804
60,1,1,1,1,1,1,1,1,1,7,0.491720025222791
61,1,1,1,1,1,1,1,1,1,8,0.5651749399659134
62,1,1,1,1,1,1,1,1,1,8,0.5482102399087393
63,0,0,1,0,1,0,1,0,1,9,0.5739439184491512
64,0,0,1,0,1,0,1,0,1,8,0.5430764625795799
65,1,0,0,0,0,0,0,0,0,9,0.3714075596147366
66,1,1,1,1,1,1,1,1,1,8,0.561616811424948
67,0,1,0,1,0,1,0,1,0,7,0.2604618659465104
68,1,1,1,1,1,1,1,1,1,9,0.5753132895819096
69,0,0,1,0,1,0,1,0,1,8,0.5155937165718095
70,1,1,1,1,1,1,1,1,1,9,0.5740967670581302
71,0,1,0,1,0,1,0,1,0,7,0.5368632076667197
72,0,0,1,0,1,0,1,0,1,9,0.5544691501572926
73,1,1,1,1,1,1,1,1,1,8,0.5253464097155786
74,0,0,1,0,1,0,1,0,1,9,0.4896015796409826
75,0,1,0,0,1,1,0,1,0,9,0.3763240357407832
76,0,0,1,0,1,0,1,0,1,7,0.4967573010740839
77,1,1,1,1,1,1,1,1,1,9,0.2385109707055825
78,1,1,1,1,1,1,1,1,1,6,0.5311275795945553
79,0,1,0,1,0,1,0,1,0,9,0.404194851065648
80,0,0,1,0,1,0,1,0,1,8,0.6004876076469238
81,0,0,1,0,1,0,1,0,1,8,0.5798417340266891
82,0,1,0,0,1,0,1,0,1,6,0.3481181637679983
83,1,1,1,1,1,1,1,1,1,8,0.470209781050713
84,0,0,1,0,1,0,1,0,1,8,0.3209171569996661
85,1,1,1,1,1,1,1,1,1,8,0.4369220778421422
86,0,0,1,0,1,0,1,0,1,8,0.5111685786964624
87,0,0,1,0,1,0,1,0,1,8,0.5860714563724742
88,1,1,1,1,1,1,1,1,1,7,0.5158075421060346
89,1,1,1,1,1,1,1,1,1,8,0.5590000359953661
90,0,0,1,0,1,0,1,0,1,9,0.5555102549971966
91,1,0,0,0,0,0,0,0,0,9,0.5571500789689597
92,0,0,1,0,1,0,1,0,1,10,0.3894251992817846
93,0,0,1,0,1,0,1,0,1,8,0.4133543621087673
94,0,0,1,0,1,0,1,0,1,8,0.5824980547658829
95,0,0,1,0,1,0,1,0,1,9,0.5753802846473104
96,1,1,1,1,1,1,1,1,1,9,0.4307681564833078
97,0,0,1,0,1,0,1,0,1,8,0.5133145855356468
98,0,0,1,0,1,0,1,0,1,8,0.5710017097583096
99,1,1,1,1,1,1,1,1,1,9,0.5251171200681946
100,1,0,0,0,0,0,0,0,0,9,0.3415322256033656
101,0,0,1,0,1,0,1,0,1,8,0.5928839016137675
102,1,1,1,1,1,1,1,1,1,9,0.5493568668987101
103,1,1,1,1,1,1,1,1,1,8,0.3295794453162129
104,1,1,1,1,1,1,1,1,1,8,0.5259587773559148
105,0,0,1,0,1,0,1,0,1,8,0.604879401581536
106,0,0,1,0,1,0,1,0,1,7,0.5380601198719053
107,0,0,1,0,1,0,1,0,1,9,0.5996063398133263
108,0,0,1,0,1,0,1,0,1,9,0.5733038338019771
109,1,1,1,1,1,1,1,1,1,9,0.4686436510585939
110,1,1,1,1,1,1,1,1,1,8,0.5163213736640458
111,0,0,1,0,1,0,1,0,1,9,0.4690685755923381
112,1,1,1,1,1,1,1,1,1,8,0.543567269182146
113,1,1,1,1,1,1,1,1,1,8,0.5727653328178122
114,0,0,1,0,1,0,1,0,1,8,0.5390883199299646
115,0,1,0,1,0,0,1,0,1,8,0.3831192229655293
116,0,0,1,0,1,0,1,0,1,10,0.4101018259763186
117,0,1,0,0,1,0,1,0,1,8,0.3287594802058747
118,1,0,0,0,0,0,0,0,0,8,0.539323384900396
119,1,0,0,0,0,0,0,0,0,8,0.5675002976827221
120,1,1,1,1,1,1,1,1,1,7,0.4235058256996298
121,0,0,1,0,1,0,1,0,1,9,0.4876611161428931
122,1,0,0,0,0,0,0,0,0,10,0.4911584305071509
123,0,0,1,0,1,0,1,0,1,8,0.5153603294768243
124,1,1,1,1,1,1,1,1,1,8,0.5538338174395457
125,0,0,1,0,1,0,1,0,1,9,0.5419343791231908
126,1,0,0,0,0,0,0,0,0,8,0.3482559603922902
127,1,1,1,1,1,1,1,1,1,9,0.5203452129995679
128,1,1,1,1,1,1,1,1,1,8,0.5724179243872237
129,1,0,0,0,0,1,1,1,1,8,0.4881618143939366
130,0,0,1,0,1,0,1,0,1,9,0.3653258748936529
131,0,0,1,0,1,0,1,0,1,9,0.5561531394515041
132,1,1,1,1,1,1,1,1,1,8,0.557875641896379
133,1,1,1,1,1,1,1,1,1,6,0.5490575344503691
134,0,0,1,0,1,0,1,0,1,8,0.5932006289559582
135,1,1,1,1,1,1,1,1,1,9,0.5178309535198137
136,0,0,1,0,1,0,1,0,1,6,0.5637026330839545
137,0,0,1,0,1,0,1,0,1,8,0.441097234168628
138,0,0,1,0,1,0,1,0,1,9,0.5892816383897677
139,1,1,1,1,1,1,1,1,1,9,0.5834009226762128
140,0,0,1,0,1,0,1,0,1,9,0.5511452073991358
141,0,0,1,0,1,0,1,0,1,7,0.5823856636767927
142,1,1,1,1,1,1,1,1,1,6,0.5161703349795541
143,0,0,1,0,1,0,1,0,1,10,0.6070823110575996
144,0,0,1,0,1,0,1,0,1,6,0.3167555381594437
145,1,1,1,1,1,1,1,1,1,8,0.5284293791702646
146,0,0,1,0,1,0,1,0,1,7,0.5593806895489585
147,1,1,1,1,1,1,1,1,1,8,0.5467257733929992
148,1,1,1,1,1,1,1,1,1,9,0.5824683905069966
149,1,0,0,0,0,0,0,0,0,7,0.3152623278008924
150,1,1,1,1,1,1,1,1,1,8,0.3111340462527596
151,0,0,1,0,1,0,1,0,1,8,0.3775000618537536
152,0,0,1,0,1,0,1,0,1,7,0.5927796020448373
153,1,1,1,1,1,1,1,1,1,8,0.3869902643044006
154,0,1,0,1,0,1,0,1,0,7,0.3778808097751479
155,1,1,1,1,1,1,1,1,1,8,0.3568156277772353
156,1,1,1,1,1,1,1,1,1,9,0.3950210881474962
157,0,1,0,1,0,1,0,1,0,8,0.5567562260867943
158,0,0,1,0,1,0,1,0,1,6,0.4832700122827393
159,0,0,1,0,1,0,1,0,1,9,0.4405606295687224
160,1,1,1,1,1,1,1,1,1,7,0.5153141385790937
161,1,1,1,1,1,1,1,1,1,9,0.5120618791069852
162,0,1,0,1,0,1,0,1,0,8,0.5115543379102925
163,0,1,0,1,0,1,0,1,0,8,0.571597347457539
164,0,0,1,0,1,0,1,0,1,6,0.5998643044052401
165,0,0,1,0,1,0,1,0,1,7,0.4487108567474596
166,1,0,0,0,0,0,0,0,0,7,0.5785305499097994
167,0,0,1,0,1,0,1,0,1,8,0.3433088500217246
168,1,1,1,1,1,1,1,1,1,9,0.3997387029091483
169,0,0,1,0,1,0,1,0,1,8,0.5460254694251768
170,0,1,0,1,0,1,0,1,0,8,0.3216031154636605
171,0,0,1,0,1,0,1,0,1,8,0.5622534626343558
172,1,1,1,1,1,1,1,1,1,8,0.4372617897987249
